id,firstName,lastName,age
1,John,Doe,25
2,Jane,Smith,30
3,Michael,Brown,22
4,Emily,Jones,28
5,David,Garcia,35
6,Sarah,Martinez,26
7,James,Lopez,29
8,Laura,Gonzalez,31
9,Robert,Wilson,33
10,Amanda,Anderson,24
11,William,Thomas,27
12,Jessica,Taylor,32
13,Joseph,Moore,30
14,Angela,Jackson,29
15,Charles,Harris,34
16,Karen,Martin,28
17,Christopher,Thompson,25
18,Nancy,White,36
19,Matthew,Lee,21
20,Elizabeth,Walker,27
21,Daniel,Hall,30
22,Patricia,Allen,28
23,Mark,Young,33
24,Mary,Hernandez,29
25,Joshua,King,32
26,Susan,Wright,25
27,Andrew,Scott,28
28,Stephanie,Green,31
29,Joshua,Bailey,34
30,Megan,Rivera,26
31,Alexander,Carter,27
32,Linda,Mitchell,30
33,Matthew,Roberts,29
34,Kimberly,Turner,32
35,Samuel,Phillips,33
36,Michelle,Campbell,28
37,Kevin,Parker,30
38,Rachel,Evans,24
39,Anthony,Edwards,26
40,Ashley,Stewart,28
41,Brian,Richardson,35
42,Kim,Wood,29
43,Charles,Collins,31
44,Nicole,Reed,30
45,Jason,Bell,22
46,Laura,Morris,26
47,Eric,Cooper,29
48,Angela,Howard,30
49,Justin,Howard,34
50,Theresa,James,27
51,Patrick,Watson,32
52,Diane,James,35
53,Bobby,Price,24
54,Alice,Brooks,28
55,George,Wood,29
56,Sandra,James,31
57,Frank,Gray,34
58,Cynthia,Hughes,30
59,Mary,Richardson,27
60,Victor,Henry,22
61,Kimberly,Garcia,28
62,Randy,Mitchell,35
63,Lori,Martin,29
64,Sharon,Thompson,30
65,Rachel,Lopez,26
66,Timothy,Young,33
67,Julia,Lee,31
68,Dustin,Walker,30
69,Kathryn,Brown,24
70,Cole,Jackson,28
71,Christine,Hall,32
72,Nathan,Allen,29
73,Stacy,Moore,33
74,Henry,Harris,30
75,Amy,Scott,27
76,Kenneth,Green,35
77,Beth,Thompson,26
78,Ronald,Evans,29
79,Tina,Wright,31
80,Evelyn,Martin,30
81,Lawrence,Hernandez,28
82,Emma,White,24
83,Tony,Carter,34
84,Julia,Rivera,29
85,Dale,Hughes,26
86,Cassandra,Clark,31
87,Richard,Wood,30
88,Nina,Hall,35
89,Martin,King,27
90,Joyce,Wright,32
91,Eric,Walker,29
92,Beverly,Martinez,28
93,Mark,Allen,33
94,Laura,Carter,24
95,Simon,James,30
96,Robin,Young,28
97,Anthony,Brown,32
98,Patty,Hernandez,31
99,Chad,Morris,26
100,Laura,Brown,29
1,John,Doe,25
2,Jane,Smith,30
3,Michael,Brown,22
4,Emily,Jones,28
5,David,Garcia,35
6,Sarah,Martinez,26
7,James,Lopez,29
8,Laura,Gonzalez,31
9,Robert,Wilson,33
10,Amanda,Anderson,24
11,William,Thomas,27
12,Jessica,Taylor,32
13,Joseph,Moore,30
14,Angela,Jackson,29
15,Charles,Harris,34
16,Karen,Martin,28
17,Christopher,Thompson,25
18,Nancy,White,36
19,Matthew,Lee,21
20,Elizabeth,Walker,27
21,Daniel,Hall,30
22,Patricia,Allen,28
23,Mark,Young,33
24,Mary,Hernandez,29
25,Joshua,King,32
26,Susan,Wright,25
27,Andrew,Scott,28
28,Stephanie,Green,31
29,Joshua,Bailey,34
30,Megan,Rivera,26
31,Alexander,Carter,27
32,Linda,Mitchell,30
33,Matthew,Roberts,29
34,Kimberly,Turner,32
35,Samuel,Phillips,33
36,Michelle,Campbell,28
37,Kevin,Parker,30
38,Rachel,Evans,24
39,Anthony,Edwards,26
40,Ashley,Stewart,28
41,Brian,Richardson,35
42,Kim,Wood,29
43,Charles,Collins,31
44,Nicole,Reed,30
45,Jason,Bell,22
46,Laura,Morris,26
47,Eric,Cooper,29
48,Angela,Howard,30
49,Justin,Howard,34
50,Theresa,James,27
51,Patrick,Watson,32
52,Diane,James,35
53,Bobby,Price,24
54,Alice,Brooks,28
55,George,Wood,29
56,Sandra,James,31
57,Frank,Gray,34
58,Cynthia,Hughes,30
59,Mary,Richardson,27
60,Victor,Henry,22
61,Kimberly,Garcia,28
62,Randy,Mitchell,35
63,Lori,Martin,29
64,Sharon,Thompson,30
65,Rachel,Lopez,26
66,Timothy,Young,33
67,Julia,Lee,31
68,Dustin,Walker,30
69,Kathryn,Brown,24
70,Cole,Jackson,28
71,Christine,Hall,32
72,Nathan,Allen,29
73,Stacy,Moore,33
74,Henry,Harris,30
75,Amy,Scott,27
76,Kenneth,Green,35
77,Beth,Thompson,26
78,Ronald,Evans,29
79,Tina,Wright,31
80,Evelyn,Martin,30
81,Lawrence,Hernandez,28
82,Emma,White,24
83,Tony,Carter,34
84,Julia,Rivera,29
85,Dale,Hughes,26
86,Cassandra,Clark,31
87,Richard,Wood,30
88,Nina,Hall,35
89,Martin,King,27
90,Joyce,Wright,32
91,Eric,Walker,29
92,Beverly,Martinez,28
93,Mark,Allen,33
94,Laura,Carter,24
95,Simon,James,30
96,Robin,Young,28
97,Anthony,Brown,32
98,Patty,Hernandez,31
99,Chad,Morris,26
100,Laura,Brown,29
1,John,Doe,25
2,Jane,Smith,30
3,Michael,Brown,22
4,Emily,Jones,28
5,David,Garcia,35
6,Sarah,Martinez,26
7,James,Lopez,29
8,Laura,Gonzalez,31
9,Robert,Wilson,33
10,Amanda,Anderson,24
11,William,Thomas,27
12,Jessica,Taylor,32
13,Joseph,Moore,30
14,Angela,Jackson,29
15,Charles,Harris,34
16,Karen,Martin,28
17,Christopher,Thompson,25
18,Nancy,White,36
19,Matthew,Lee,21
20,Elizabeth,Walker,27
21,Daniel,Hall,30
22,Patricia,Allen,28
23,Mark,Young,33
24,Mary,Hernandez,29
25,Joshua,King,32
26,Susan,Wright,25
27,Andrew,Scott,28
28,Stephanie,Green,31
29,Joshua,Bailey,34
30,Megan,Rivera,26
31,Alexander,Carter,27
32,Linda,Mitchell,30
33,Matthew,Roberts,29
34,Kimberly,Turner,32
35,Samuel,Phillips,33
36,Michelle,Campbell,28
37,Kevin,Parker,30
38,Rachel,Evans,24
39,Anthony,Edwards,26
40,Ashley,Stewart,28
41,Brian,Richardson,35
42,Kim,Wood,29
43,Charles,Collins,31
44,Nicole,Reed,30
45,Jason,Bell,22
46,Laura,Morris,26
47,Eric,Cooper,29
48,Angela,Howard,30
49,Justin,Howard,34
50,Theresa,James,27
51,Patrick,Watson,32
52,Diane,James,35
53,Bobby,Price,24
54,Alice,Brooks,28
55,George,Wood,29
56,Sandra,James,31
57,Frank,Gray,34
58,Cynthia,Hughes,30
59,Mary,Richardson,27
60,Victor,Henry,22
61,Kimberly,Garcia,28
62,Randy,Mitchell,35
63,Lori,Martin,29
64,Sharon,Thompson,30
65,Rachel,Lopez,26
66,Timothy,Young,33
67,Julia,Lee,31
68,Dustin,Walker,30
69,Kathryn,Brown,24
70,Cole,Jackson,28
71,Christine,Hall,32
72,Nathan,Allen,29
73,Stacy,Moore,33
74,Henry,Harris,30
75,Amy,Scott,27
76,Kenneth,Green,35
77,Beth,Thompson,26
78,Ronald,Evans,29
79,Tina,Wright,31
80,Evelyn,Martin,30
81,Lawrence,Hernandez,28
82,Emma,White,24
83,Tony,Carter,34
84,Julia,Rivera,29
85,Dale,Hughes,26
86,Cassandra,Clark,31
87,Richard,Wood,30
88,Nina,Hall,35
89,Martin,King,27
90,Joyce,Wright,32
91,Eric,Walker,29
92,Beverly,Martinez,28
93,Mark,Allen,33
94,Laura,Carter,24
95,Simon,James,30
96,Robin,Young,28
97,Anthony,Brown,32
98,Patty,Hernandez,31
99,Chad,Morris,26
100,Laura,Brown,29
1,John,Doe,25
2,Jane,Smith,30
3,Michael,Brown,22
4,Emily,Jones,28
5,David,Garcia,35
6,Sarah,Martinez,26
7,James,Lopez,29
8,Laura,Gonzalez,31
9,Robert,Wilson,33
10,Amanda,Anderson,24
11,William,Thomas,27
12,Jessica,Taylor,32
13,Joseph,Moore,30
14,Angela,Jackson,29
15,Charles,Harris,34
16,Karen,Martin,28
17,Christopher,Thompson,25
18,Nancy,White,36
19,Matthew,Lee,21
20,Elizabeth,Walker,27
21,Daniel,Hall,30
22,Patricia,Allen,28
23,Mark,Young,33
24,Mary,Hernandez,29
25,Joshua,King,32
26,Susan,Wright,25
27,Andrew,Scott,28
28,Stephanie,Green,31
29,Joshua,Bailey,34
30,Megan,Rivera,26
31,Alexander,Carter,27
32,Linda,Mitchell,30
33,Matthew,Roberts,29
34,Kimberly,Turner,32
35,Samuel,Phillips,33
36,Michelle,Campbell,28
37,Kevin,Parker,30
38,Rachel,Evans,24
39,Anthony,Edwards,26
40,Ashley,Stewart,28
41,Brian,Richardson,35
42,Kim,Wood,29
43,Charles,Collins,31
44,Nicole,Reed,30
45,Jason,Bell,22
46,Laura,Morris,26
47,Eric,Cooper,29
48,Angela,Howard,30
49,Justin,Howard,34
50,Theresa,James,27
51,Patrick,Watson,32
52,Diane,James,35
53,Bobby,Price,24
54,Alice,Brooks,28
55,George,Wood,29
56,Sandra,James,31
57,Frank,Gray,34
58,Cynthia,Hughes,30
59,Mary,Richardson,27
60,Victor,Henry,22
61,Kimberly,Garcia,28
62,Randy,Mitchell,35
63,Lori,Martin,29
64,Sharon,Thompson,30
65,Rachel,Lopez,26
66,Timothy,Young,33
67,Julia,Lee,31
68,Dustin,Walker,30
69,Kathryn,Brown,24
70,Cole,Jackson,28
71,Christine,Hall,32
72,Nathan,Allen,29
73,Stacy,Moore,33
74,Henry,Harris,30
75,Amy,Scott,27
76,Kenneth,Green,35
77,Beth,Thompson,26
78,Ronald,Evans,29
79,Tina,Wright,31
80,Evelyn,Martin,30
81,Lawrence,Hernandez,28
82,Emma,White,24
83,Tony,Carter,34
84,Julia,Rivera,29
85,Dale,Hughes,26
86,Cassandra,Clark,31
87,Richard,Wood,30
88,Nina,Hall,35
89,Martin,King,27
90,Joyce,Wright,32
91,Eric,Walker,29
92,Beverly,Martinez,28
93,Mark,Allen,33
94,Laura,Carter,24
95,Simon,James,30
96,Robin,Young,28
97,Anthony,Brown,32
98,Patty,Hernandez,31
99,Chad,Morris,26
100,Laura,Brown,29
1,John,Doe,25
2,Jane,Smith,30
3,Michael,Brown,22
4,Emily,Jones,28
5,David,Garcia,35
6,Sarah,Martinez,26
7,James,Lopez,29
8,Laura,Gonzalez,31
9,Robert,Wilson,33
10,Amanda,Anderson,24
11,William,Thomas,27
12,Jessica,Taylor,32
13,Joseph,Moore,30
14,Angela,Jackson,29
15,Charles,Harris,34
16,Karen,Martin,28
17,Christopher,Thompson,25
18,Nancy,White,36
19,Matthew,Lee,21
20,Elizabeth,Walker,27
21,Daniel,Hall,30
22,Patricia,Allen,28
23,Mark,Young,33
24,Mary,Hernandez,29
25,Joshua,King,32
26,Susan,Wright,25
27,Andrew,Scott,28
28,Stephanie,Green,31
29,Joshua,Bailey,34
30,Megan,Rivera,26
31,Alexander,Carter,27
32,Linda,Mitchell,30
33,Matthew,Roberts,29
34,Kimberly,Turner,32
35,Samuel,Phillips,33
36,Michelle,Campbell,28
37,Kevin,Parker,30
38,Rachel,Evans,24
39,Anthony,Edwards,26
40,Ashley,Stewart,28
41,Brian,Richardson,35
42,Kim,Wood,29
43,Charles,Collins,31
44,Nicole,Reed,30
45,Jason,Bell,22
46,Laura,Morris,26
47,Eric,Cooper,29
48,Angela,Howard,30
49,Justin,Howard,34
50,Theresa,James,27
51,Patrick,Watson,32
52,Diane,James,35
53,Bobby,Price,24
54,Alice,Brooks,28
55,George,Wood,29
56,Sandra,James,31
57,Frank,Gray,34
58,Cynthia,Hughes,30
59,Mary,Richardson,27
60,Victor,Henry,22
61,Kimberly,Garcia,28
62,Randy,Mitchell,35
63,Lori,Martin,29
64,Sharon,Thompson,30
65,Rachel,Lopez,26
66,Timothy,Young,33
67,Julia,Lee,31
68,Dustin,Walker,30
69,Kathryn,Brown,24
70,Cole,Jackson,28
71,Christine,Hall,32
72,Nathan,Allen,29
73,Stacy,Moore,33
74,Henry,Harris,30
75,Amy,Scott,27
76,Kenneth,Green,35
77,Beth,Thompson,26
78,Ronald,Evans,29
79,Tina,Wright,31
80,Evelyn,Martin,30
81,Lawrence,Hernandez,28
82,Emma,White,24
83,Tony,Carter,34
84,Julia,Rivera,29
85,Dale,Hughes,26
86,Cassandra,Clark,31
87,Richard,Wood,30
88,Nina,Hall,35
89,Martin,King,27
90,Joyce,Wright,32
91,Eric,Walker,29
92,Beverly,Martinez,28
93,Mark,Allen,33
94,Laura,Carter,24
95,Simon,James,30
96,Robin,Young,28
97,Anthony,Brown,32
98,Patty,Hernandez,31
99,Chad,Morris,26
100,Laura,Brown,29
1,John,Doe,25
2,Jane,Smith,30
3,Michael,Brown,22
4,Emily,Jones,28
5,David,Garcia,35
6,Sarah,Martinez,26
7,James,Lopez,29
8,Laura,Gonzalez,31
9,Robert,Wilson,33
10,Amanda,Anderson,24
11,William,Thomas,27
12,Jessica,Taylor,32
13,Joseph,Moore,30
14,Angela,Jackson,29
15,Charles,Harris,34
16,Karen,Martin,28
17,Christopher,Thompson,25
18,Nancy,White,36
19,Matthew,Lee,21
20,Elizabeth,Walker,27
21,Daniel,Hall,30
22,Patricia,Allen,28
23,Mark,Young,33
24,Mary,Hernandez,29
25,Joshua,King,32
26,Susan,Wright,25
27,Andrew,Scott,28
28,Stephanie,Green,31
29,Joshua,Bailey,34
30,Megan,Rivera,26
31,Alexander,Carter,27
32,Linda,Mitchell,30
33,Matthew,Roberts,29
34,Kimberly,Turner,32
35,Samuel,Phillips,33
36,Michelle,Campbell,28
37,Kevin,Parker,30
38,Rachel,Evans,24
39,Anthony,Edwards,26
40,Ashley,Stewart,28
41,Brian,Richardson,35
42,Kim,Wood,29
43,Charles,Collins,31
44,Nicole,Reed,30
45,Jason,Bell,22
46,Laura,Morris,26
47,Eric,Cooper,29
48,Angela,Howard,30
49,Justin,Howard,34
50,Theresa,James,27
51,Patrick,Watson,32
52,Diane,James,35
53,Bobby,Price,24
54,Alice,Brooks,28
55,George,Wood,29
56,Sandra,James,31
57,Frank,Gray,34
58,Cynthia,Hughes,30
59,Mary,Richardson,27
60,Victor,Henry,22
61,Kimberly,Garcia,28
62,Randy,Mitchell,35
63,Lori,Martin,29
64,Sharon,Thompson,30
65,Rachel,Lopez,26
66,Timothy,Young,33
67,Julia,Lee,31
68,Dustin,Walker,30
69,Kathryn,Brown,24
70,Cole,Jackson,28
71,Christine,Hall,32
72,Nathan,Allen,29
73,Stacy,Moore,33
74,Henry,Harris,30
75,Amy,Scott,27
76,Kenneth,Green,35
77,Beth,Thompson,26
78,Ronald,Evans,29
79,Tina,Wright,31
80,Evelyn,Martin,30
81,Lawrence,Hernandez,28
82,Emma,White,24
83,Tony,Carter,34
84,Julia,Rivera,29
85,Dale,Hughes,26
86,Cassandra,Clark,31
87,Richard,Wood,30
88,Nina,Hall,35
89,Martin,King,27
90,Joyce,Wright,32
91,Eric,Walker,29
92,Beverly,Martinez,28
93,Mark,Allen,33
94,Laura,Carter,24
95,Simon,James,30
96,Robin,Young,28
97,Anthony,Brown,32
98,Patty,Hernandez,31
99,Chad,Morris,26
100,Laura,Brown,29
1,John,Doe,25
2,Jane,Smith,30
3,Michael,Brown,22
4,Emily,Jones,28
5,David,Garcia,35
6,Sarah,Martinez,26
7,James,Lopez,29
8,Laura,Gonzalez,31
9,Robert,Wilson,33
10,Amanda,Anderson,24
11,William,Thomas,27
12,Jessica,Taylor,32
13,Joseph,Moore,30
14,Angela,Jackson,29
15,Charles,Harris,34
16,Karen,Martin,28
17,Christopher,Thompson,25
18,Nancy,White,36
19,Matthew,Lee,21
20,Elizabeth,Walker,27
21,Daniel,Hall,30
22,Patricia,Allen,28
23,Mark,Young,33
24,Mary,Hernandez,29
25,Joshua,King,32
26,Susan,Wright,25
27,Andrew,Scott,28
28,Stephanie,Green,31
29,Joshua,Bailey,34
30,Megan,Rivera,26
31,Alexander,Carter,27
32,Linda,Mitchell,30
33,Matthew,Roberts,29
34,Kimberly,Turner,32
35,Samuel,Phillips,33
36,Michelle,Campbell,28
37,Kevin,Parker,30
38,Rachel,Evans,24
39,Anthony,Edwards,26
40,Ashley,Stewart,28
41,Brian,Richardson,35
42,Kim,Wood,29
43,Charles,Collins,31
44,Nicole,Reed,30
45,Jason,Bell,22
46,Laura,Morris,26
47,Eric,Cooper,29
48,Angela,Howard,30
49,Justin,Howard,34
50,Theresa,James,27
51,Patrick,Watson,32
52,Diane,James,35
53,Bobby,Price,24
54,Alice,Brooks,28
55,George,Wood,29
56,Sandra,James,31
57,Frank,Gray,34
58,Cynthia,Hughes,30
59,Mary,Richardson,27
60,Victor,Henry,22
61,Kimberly,Garcia,28
62,Randy,Mitchell,35
63,Lori,Martin,29
64,Sharon,Thompson,30
65,Rachel,Lopez,26
66,Timothy,Young,33
67,Julia,Lee,31
68,Dustin,Walker,30
69,Kathryn,Brown,24
70,Cole,Jackson,28
71,Christine,Hall,32
72,Nathan,Allen,29
73,Stacy,Moore,33
74,Henry,Harris,30
75,Amy,Scott,27
76,Kenneth,Green,35
77,Beth,Thompson,26
78,Ronald,Evans,29
79,Tina,Wright,31
80,Evelyn,Martin,30
81,Lawrence,Hernandez,28
82,Emma,White,24
83,Tony,Carter,34
84,Julia,Rivera,29
85,Dale,Hughes,26
86,Cassandra,Clark,31
87,Richard,Wood,30
88,Nina,Hall,35
89,Martin,King,27
90,Joyce,Wright,32
91,Eric,Walker,29
92,Beverly,Martinez,28
93,Mark,Allen,33
94,Laura,Carter,24
95,Simon,James,30
96,Robin,Young,28
97,Anthony,Brown,32
98,Patty,Hernandez,31
99,Chad,Morris,26
100,Laura,Brown,29
1,John,Doe,25
2,Jane,Smith,30
3,Michael,Brown,22
4,Emily,Jones,28
5,David,Garcia,35
6,Sarah,Martinez,26
7,James,Lopez,29
8,Laura,Gonzalez,31
9,Robert,Wilson,33
10,Amanda,Anderson,24
11,William,Thomas,27
12,Jessica,Taylor,32
13,Joseph,Moore,30
14,Angela,Jackson,29
15,Charles,Harris,34
16,Karen,Martin,28
17,Christopher,Thompson,25
18,Nancy,White,36
19,Matthew,Lee,21
20,Elizabeth,Walker,27
21,Daniel,Hall,30
22,Patricia,Allen,28
23,Mark,Young,33
24,Mary,Hernandez,29
25,Joshua,King,32
26,Susan,Wright,25
27,Andrew,Scott,28
28,Stephanie,Green,31
29,Joshua,Bailey,34
30,Megan,Rivera,26
31,Alexander,Carter,27
32,Linda,Mitchell,30
33,Matthew,Roberts,29
34,Kimberly,Turner,32
35,Samuel,Phillips,33
36,Michelle,Campbell,28
37,Kevin,Parker,30
38,Rachel,Evans,24
39,Anthony,Edwards,26
40,Ashley,Stewart,28
41,Brian,Richardson,35
42,Kim,Wood,29
43,Charles,Collins,31
44,Nicole,Reed,30
45,Jason,Bell,22
46,Laura,Morris,26
47,Eric,Cooper,29
48,Angela,Howard,30
49,Justin,Howard,34
50,Theresa,James,27
51,Patrick,Watson,32
52,Diane,James,35
53,Bobby,Price,24
54,Alice,Brooks,28
55,George,Wood,29
56,Sandra,James,31
57,Frank,Gray,34
58,Cynthia,Hughes,30
59,Mary,Richardson,27
60,Victor,Henry,22
61,Kimberly,Garcia,28
62,Randy,Mitchell,35
63,Lori,Martin,29
64,Sharon,Thompson,30
65,Rachel,Lopez,26
66,Timothy,Young,33
67,Julia,Lee,31
68,Dustin,Walker,30
69,Kathryn,Brown,24
70,Cole,Jackson,28
71,Christine,Hall,32
72,Nathan,Allen,29
73,Stacy,Moore,33
74,Henry,Harris,30
75,Amy,Scott,27
76,Kenneth,Green,35
77,Beth,Thompson,26
78,Ronald,Evans,29
79,Tina,Wright,31
80,Evelyn,Martin,30
81,Lawrence,Hernandez,28
82,Emma,White,24
83,Tony,Carter,34
84,Julia,Rivera,29
85,Dale,Hughes,26
86,Cassandra,Clark,31
87,Richard,Wood,30
88,Nina,Hall,35
89,Martin,King,27
90,Joyce,Wright,32
91,Eric,Walker,29
92,Beverly,Martinez,28
93,Mark,Allen,33
94,Laura,Carter,24
95,Simon,James,30
96,Robin,Young,28
97,Anthony,Brown,32
98,Patty,Hernandez,31
99,Chad,Morris,26
100,Laura,Brown,29
1,John,Doe,25
2,Jane,Smith,30
3,Michael,Brown,22
4,Emily,Jones,28
5,David,Garcia,35
6,Sarah,Martinez,26
7,James,Lopez,29
8,Laura,Gonzalez,31
9,Robert,Wilson,33
10,Amanda,Anderson,24
11,William,Thomas,27
12,Jessica,Taylor,32
13,Joseph,Moore,30
14,Angela,Jackson,29
15,Charles,Harris,34
16,Karen,Martin,28
17,Christopher,Thompson,25
18,Nancy,White,36
19,Matthew,Lee,21
20,Elizabeth,Walker,27
21,Daniel,Hall,30
22,Patricia,Allen,28
23,Mark,Young,33
24,Mary,Hernandez,29
25,Joshua,King,32
26,Susan,Wright,25
27,Andrew,Scott,28
28,Stephanie,Green,31
29,Joshua,Bailey,34
30,Megan,Rivera,26
31,Alexander,Carter,27
32,Linda,Mitchell,30
33,Matthew,Roberts,29
34,Kimberly,Turner,32
35,Samuel,Phillips,33
36,Michelle,Campbell,28
37,Kevin,Parker,30
38,Rachel,Evans,24
39,Anthony,Edwards,26
40,Ashley,Stewart,28
41,Brian,Richardson,35
42,Kim,Wood,29
43,Charles,Collins,31
44,Nicole,Reed,30
45,Jason,Bell,22
46,Laura,Morris,26
47,Eric,Cooper,29
48,Angela,Howard,30
49,Justin,Howard,34
50,Theresa,James,27
51,Patrick,Watson,32
52,Diane,James,35
53,Bobby,Price,24
54,Alice,Brooks,28
55,George,Wood,29
56,Sandra,James,31
57,Frank,Gray,34
58,Cynthia,Hughes,30
59,Mary,Richardson,27
60,Victor,Henry,22
61,Kimberly,Garcia,28
62,Randy,Mitchell,35
63,Lori,Martin,29
64,Sharon,Thompson,30
65,Rachel,Lopez,26
66,Timothy,Young,33
67,Julia,Lee,31
68,Dustin,Walker,30
69,Kathryn,Brown,24
70,Cole,Jackson,28
71,Christine,Hall,32
72,Nathan,Allen,29
73,Stacy,Moore,33
74,Henry,Harris,30
75,Amy,Scott,27
76,Kenneth,Green,35
77,Beth,Thompson,26
78,Ronald,Evans,29
79,Tina,Wright,31
80,Evelyn,Martin,30
81,Lawrence,Hernandez,28
82,Emma,White,24
83,Tony,Carter,34
84,Julia,Rivera,29
85,Dale,Hughes,26
86,Cassandra,Clark,31
87,Richard,Wood,30
88,Nina,Hall,35
89,Martin,King,27
90,Joyce,Wright,32
91,Eric,Walker,29
92,Beverly,Martinez,28
93,Mark,Allen,33
94,Laura,Carter,24
95,Simon,James,30
96,Robin,Young,28
97,Anthony,Brown,32
98,Patty,Hernandez,31
99,Chad,Morris,26
100,Laura,Brown,29
1,John,Doe,25
2,Jane,Smith,30
3,Michael,Brown,22
4,Emily,Jones,28
5,David,Garcia,35
6,Sarah,Martinez,26
7,James,Lopez,29
8,Laura,Gonzalez,31
9,Robert,Wilson,33
10,Amanda,Anderson,24
11,William,Thomas,27
12,Jessica,Taylor,32
13,Joseph,Moore,30
14,Angela,Jackson,29
15,Charles,Harris,34
16,Karen,Martin,28
17,Christopher,Thompson,25
18,Nancy,White,36
19,Matthew,Lee,21
20,Elizabeth,Walker,27
21,Daniel,Hall,30
22,Patricia,Allen,28
23,Mark,Young,33
24,Mary,Hernandez,29
25,Joshua,King,32
26,Susan,Wright,25
27,Andrew,Scott,28
28,Stephanie,Green,31
29,Joshua,Bailey,34
30,Megan,Rivera,26
31,Alexander,Carter,27
32,Linda,Mitchell,30
33,Matthew,Roberts,29
34,Kimberly,Turner,32
35,Samuel,Phillips,33
36,Michelle,Campbell,28
37,Kevin,Parker,30
38,Rachel,Evans,24
39,Anthony,Edwards,26
40,Ashley,Stewart,28
41,Brian,Richardson,35
42,Kim,Wood,29
43,Charles,Collins,31
44,Nicole,Reed,30
45,Jason,Bell,22
46,Laura,Morris,26
47,Eric,Cooper,29
48,Angela,Howard,30
49,Justin,Howard,34
50,Theresa,James,27
51,Patrick,Watson,32
52,Diane,James,35
53,Bobby,Price,24
54,Alice,Brooks,28
55,George,Wood,29
56,Sandra,James,31
57,Frank,Gray,34
58,Cynthia,Hughes,30
59,Mary,Richardson,27
60,Victor,Henry,22
61,Kimberly,Garcia,28
62,Randy,Mitchell,35
63,Lori,Martin,29
64,Sharon,Thompson,30
65,Rachel,Lopez,26
66,Timothy,Young,33
67,Julia,Lee,31
68,Dustin,Walker,30
69,Kathryn,Brown,24
70,Cole,Jackson,28
71,Christine,Hall,32
72,Nathan,Allen,29
73,Stacy,Moore,33
74,Henry,Harris,30
75,Amy,Scott,27
76,Kenneth,Green,35
77,Beth,Thompson,26
78,Ronald,Evans,29
79,Tina,Wright,31
80,Evelyn,Martin,30
81,Lawrence,Hernandez,28
82,Emma,White,24
83,Tony,Carter,34
84,Julia,Rivera,29
85,Dale,Hughes,26
86,Cassandra,Clark,31
87,Richard,Wood,30
88,Nina,Hall,35
89,Martin,King,27
90,Joyce,Wright,32
91,Eric,Walker,29
92,Beverly,Martinez,28
93,Mark,Allen,33
94,Laura,Carter,24
95,Simon,James,30
96,Robin,Young,28
97,Anthony,Brown,32
98,Patty,Hernandez,31
99,Chad,Morris,26
100,Laura,Brown,29
1,John,Doe,25
2,Jane,Smith,30
3,Michael,Brown,22
4,Emily,Jones,28
5,David,Garcia,35
6,Sarah,Martinez,26
7,James,Lopez,29
8,Laura,Gonzalez,31
9,Robert,Wilson,33
10,Amanda,Anderson,24
11,William,Thomas,27
12,Jessica,Taylor,32
13,Joseph,Moore,30
14,Angela,Jackson,29
15,Charles,Harris,34
16,Karen,Martin,28
17,Christopher,Thompson,25
18,Nancy,White,36
19,Matthew,Lee,21
20,Elizabeth,Walker,27
21,Daniel,Hall,30
22,Patricia,Allen,28
23,Mark,Young,33
24,Mary,Hernandez,29
25,Joshua,King,32
26,Susan,Wright,25
27,Andrew,Scott,28
28,Stephanie,Green,31
29,Joshua,Bailey,34
30,Megan,Rivera,26
31,Alexander,Carter,27
32,Linda,Mitchell,30
33,Matthew,Roberts,29
34,Kimberly,Turner,32
35,Samuel,Phillips,33
36,Michelle,Campbell,28
37,Kevin,Parker,30
38,Rachel,Evans,24
39,Anthony,Edwards,26
40,Ashley,Stewart,28
41,Brian,Richardson,35
42,Kim,Wood,29
43,Charles,Collins,31
44,Nicole,Reed,30
45,Jason,Bell,22
46,Laura,Morris,26
47,Eric,Cooper,29
48,Angela,Howard,30
49,Justin,Howard,34
50,Theresa,James,27
51,Patrick,Watson,32
52,Diane,James,35
53,Bobby,Price,24
54,Alice,Brooks,28
55,George,Wood,29
56,Sandra,James,31
57,Frank,Gray,34
58,Cynthia,Hughes,30
59,Mary,Richardson,27
60,Victor,Henry,22
61,Kimberly,Garcia,28
62,Randy,Mitchell,35
63,Lori,Martin,29
64,Sharon,Thompson,30
65,Rachel,Lopez,26
66,Timothy,Young,33
67,Julia,Lee,31
68,Dustin,Walker,30
69,Kathryn,Brown,24
70,Cole,Jackson,28
71,Christine,Hall,32
72,Nathan,Allen,29
73,Stacy,Moore,33
74,Henry,Harris,30
75,Amy,Scott,27
76,Kenneth,Green,35
77,Beth,Thompson,26
78,Ronald,Evans,29
79,Tina,Wright,31
80,Evelyn,Martin,30
81,Lawrence,Hernandez,28
82,Emma,White,24
83,Tony,Carter,34
84,Julia,Rivera,29
85,Dale,Hughes,26
86,Cassandra,Clark,31
87,Richard,Wood,30
88,Nina,Hall,35
89,Martin,King,27
90,Joyce,Wright,32
91,Eric,Walker,29
92,Beverly,Martinez,28
93,Mark,Allen,33
94,Laura,Carter,24
95,Simon,James,30
96,Robin,Young,28
97,Anthony,Brown,32
98,Patty,Hernandez,31
99,Chad,Morris,26
100,Laura,Brown,29
1,John,Doe,25
2,Jane,Smith,30
3,Michael,Brown,22
4,Emily,Jones,28
5,David,Garcia,35
6,Sarah,Martinez,26
7,James,Lopez,29
8,Laura,Gonzalez,31
9,Robert,Wilson,33
10,Amanda,Anderson,24
11,William,Thomas,27
12,Jessica,Taylor,32
13,Joseph,Moore,30
14,Angela,Jackson,29
15,Charles,Harris,34
16,Karen,Martin,28
17,Christopher,Thompson,25
18,Nancy,White,36
19,Matthew,Lee,21
20,Elizabeth,Walker,27
21,Daniel,Hall,30
22,Patricia,Allen,28
23,Mark,Young,33
24,Mary,Hernandez,29
25,Joshua,King,32
26,Susan,Wright,25
27,Andrew,Scott,28
28,Stephanie,Green,31
29,Joshua,Bailey,34
30,Megan,Rivera,26
31,Alexander,Carter,27
32,Linda,Mitchell,30
33,Matthew,Roberts,29
34,Kimberly,Turner,32
35,Samuel,Phillips,33
36,Michelle,Campbell,28
37,Kevin,Parker,30
38,Rachel,Evans,24
39,Anthony,Edwards,26
40,Ashley,Stewart,28
41,Brian,Richardson,35
42,Kim,Wood,29
43,Charles,Collins,31
44,Nicole,Reed,30
45,Jason,Bell,22
46,Laura,Morris,26
47,Eric,Cooper,29
48,Angela,Howard,30
49,Justin,Howard,34
50,Theresa,James,27
51,Patrick,Watson,32
52,Diane,James,35
53,Bobby,Price,24
54,Alice,Brooks,28
55,George,Wood,29
56,Sandra,James,31
57,Frank,Gray,34
58,Cynthia,Hughes,30
59,Mary,Richardson,27
60,Victor,Henry,22
61,Kimberly,Garcia,28
62,Randy,Mitchell,35
63,Lori,Martin,29
64,Sharon,Thompson,30
65,Rachel,Lopez,26
66,Timothy,Young,33
67,Julia,Lee,31
68,Dustin,Walker,30
69,Kathryn,Brown,24
70,Cole,Jackson,28
71,Christine,Hall,32
72,Nathan,Allen,29
73,Stacy,Moore,33
74,Henry,Harris,30
75,Amy,Scott,27
76,Kenneth,Green,35
77,Beth,Thompson,26
78,Ronald,Evans,29
79,Tina,Wright,31
80,Evelyn,Martin,30
81,Lawrence,Hernandez,28
82,Emma,White,24
83,Tony,Carter,34
84,Julia,Rivera,29
85,Dale,Hughes,26
86,Cassandra,Clark,31
87,Richard,Wood,30
88,Nina,Hall,35
89,Martin,King,27
90,Joyce,Wright,32
91,Eric,Walker,29
92,Beverly,Martinez,28
93,Mark,Allen,33
94,Laura,Carter,24
95,Simon,James,30
96,Robin,Young,28
97,Anthony,Brown,32
98,Patty,Hernandez,31
99,Chad,Morris,26
100,Laura,Brown,29
1,John,Doe,25
2,Jane,Smith,30
3,Michael,Brown,22
4,Emily,Jones,28
5,David,Garcia,35
6,Sarah,Martinez,26
7,James,Lopez,29
8,Laura,Gonzalez,31
9,Robert,Wilson,33
10,Amanda,Anderson,24
11,William,Thomas,27
12,Jessica,Taylor,32
13,Joseph,Moore,30
14,Angela,Jackson,29
15,Charles,Harris,34
16,Karen,Martin,28
17,Christopher,Thompson,25
18,Nancy,White,36
19,Matthew,Lee,21
20,Elizabeth,Walker,27
21,Daniel,Hall,30
22,Patricia,Allen,28
23,Mark,Young,33
24,Mary,Hernandez,29
25,Joshua,King,32
26,Susan,Wright,25
27,Andrew,Scott,28
28,Stephanie,Green,31
29,Joshua,Bailey,34
30,Megan,Rivera,26
31,Alexander,Carter,27
32,Linda,Mitchell,30
33,Matthew,Roberts,29
34,Kimberly,Turner,32
35,Samuel,Phillips,33
36,Michelle,Campbell,28
37,Kevin,Parker,30
38,Rachel,Evans,24
39,Anthony,Edwards,26
40,Ashley,Stewart,28
41,Brian,Richardson,35
42,Kim,Wood,29
43,Charles,Collins,31
44,Nicole,Reed,30
45,Jason,Bell,22
46,Laura,Morris,26
47,Eric,Cooper,29
48,Angela,Howard,30
49,Justin,Howard,34
50,Theresa,James,27
51,Patrick,Watson,32
52,Diane,James,35
53,Bobby,Price,24
54,Alice,Brooks,28
55,George,Wood,29
56,Sandra,James,31
57,Frank,Gray,34
58,Cynthia,Hughes,30
59,Mary,Richardson,27
60,Victor,Henry,22
61,Kimberly,Garcia,28
62,Randy,Mitchell,35
63,Lori,Martin,29
64,Sharon,Thompson,30
65,Rachel,Lopez,26
66,Timothy,Young,33
67,Julia,Lee,31
68,Dustin,Walker,30
69,Kathryn,Brown,24
70,Cole,Jackson,28
71,Christine,Hall,32
72,Nathan,Allen,29
73,Stacy,Moore,33
74,Henry,Harris,30
75,Amy,Scott,27
76,Kenneth,Green,35
77,Beth,Thompson,26
78,Ronald,Evans,29
79,Tina,Wright,31
80,Evelyn,Martin,30
81,Lawrence,Hernandez,28
82,Emma,White,24
83,Tony,Carter,34
84,Julia,Rivera,29
85,Dale,Hughes,26
86,Cassandra,Clark,31
87,Richard,Wood,30
88,Nina,Hall,35
89,Martin,King,27
90,Joyce,Wright,32
91,Eric,Walker,29
92,Beverly,Martinez,28
93,Mark,Allen,33
94,Laura,Carter,24
95,Simon,James,30
96,Robin,Young,28
97,Anthony,Brown,32
98,Patty,Hernandez,31
99,Chad,Morris,26
100,Laura,Brown,29
1,John,Doe,25
2,Jane,Smith,30
3,Michael,Brown,22
4,Emily,Jones,28
5,David,Garcia,35
6,Sarah,Martinez,26
7,James,Lopez,29
8,Laura,Gonzalez,31
9,Robert,Wilson,33
10,Amanda,Anderson,24
11,William,Thomas,27
12,Jessica,Taylor,32
13,Joseph,Moore,30
14,Angela,Jackson,29
15,Charles,Harris,34
16,Karen,Martin,28
17,Christopher,Thompson,25
18,Nancy,White,36
19,Matthew,Lee,21
20,Elizabeth,Walker,27
21,Daniel,Hall,30
22,Patricia,Allen,28
23,Mark,Young,33
24,Mary,Hernandez,29
25,Joshua,King,32
26,Susan,Wright,25
27,Andrew,Scott,28
28,Stephanie,Green,31
29,Joshua,Bailey,34
30,Megan,Rivera,26
31,Alexander,Carter,27
32,Linda,Mitchell,30
33,Matthew,Roberts,29
34,Kimberly,Turner,32
35,Samuel,Phillips,33
36,Michelle,Campbell,28
37,Kevin,Parker,30
38,Rachel,Evans,24
39,Anthony,Edwards,26
40,Ashley,Stewart,28
41,Brian,Richardson,35
42,Kim,Wood,29
43,Charles,Collins,31
44,Nicole,Reed,30
45,Jason,Bell,22
46,Laura,Morris,26
47,Eric,Cooper,29
48,Angela,Howard,30
49,Justin,Howard,34
50,Theresa,James,27
51,Patrick,Watson,32
52,Diane,James,35
53,Bobby,Price,24
54,Alice,Brooks,28
55,George,Wood,29
56,Sandra,James,31
57,Frank,Gray,34
58,Cynthia,Hughes,30
59,Mary,Richardson,27
60,Victor,Henry,22
61,Kimberly,Garcia,28
62,Randy,Mitchell,35
63,Lori,Martin,29
64,Sharon,Thompson,30
65,Rachel,Lopez,26
66,Timothy,Young,33
67,Julia,Lee,31
68,Dustin,Walker,30
69,Kathryn,Brown,24
70,Cole,Jackson,28
71,Christine,Hall,32
72,Nathan,Allen,29
73,Stacy,Moore,33
74,Henry,Harris,30
75,Amy,Scott,27
76,Kenneth,Green,35
77,Beth,Thompson,26
78,Ronald,Evans,29
79,Tina,Wright,31
80,Evelyn,Martin,30
81,Lawrence,Hernandez,28
82,Emma,White,24
83,Tony,Carter,34
84,Julia,Rivera,29
85,Dale,Hughes,26
86,Cassandra,Clark,31
87,Richard,Wood,30
88,Nina,Hall,35
89,Martin,King,27
90,Joyce,Wright,32
91,Eric,Walker,29
92,Beverly,Martinez,28
93,Mark,Allen,33
94,Laura,Carter,24
95,Simon,James,30
96,Robin,Young,28
97,Anthony,Brown,32
98,Patty,Hernandez,31
99,Chad,Morris,26
100,Laura,Brown,29
1,John,Doe,25
2,Jane,Smith,30
3,Michael,Brown,22
4,Emily,Jones,28
5,David,Garcia,35
6,Sarah,Martinez,26
7,James,Lopez,29
8,Laura,Gonzalez,31
9,Robert,Wilson,33
10,Amanda,Anderson,24
11,William,Thomas,27
12,Jessica,Taylor,32
13,Joseph,Moore,30
14,Angela,Jackson,29
15,Charles,Harris,34
16,Karen,Martin,28
17,Christopher,Thompson,25
18,Nancy,White,36
19,Matthew,Lee,21
20,Elizabeth,Walker,27
21,Daniel,Hall,30
22,Patricia,Allen,28
23,Mark,Young,33
24,Mary,Hernandez,29
25,Joshua,King,32
26,Susan,Wright,25
27,Andrew,Scott,28
28,Stephanie,Green,31
29,Joshua,Bailey,34
30,Megan,Rivera,26
31,Alexander,Carter,27
32,Linda,Mitchell,30
33,Matthew,Roberts,29
34,Kimberly,Turner,32
35,Samuel,Phillips,33
36,Michelle,Campbell,28
37,Kevin,Parker,30
38,Rachel,Evans,24
39,Anthony,Edwards,26
40,Ashley,Stewart,28
41,Brian,Richardson,35
42,Kim,Wood,29
43,Charles,Collins,31
44,Nicole,Reed,30
45,Jason,Bell,22
46,Laura,Morris,26
47,Eric,Cooper,29
48,Angela,Howard,30
49,Justin,Howard,34
50,Theresa,James,27
51,Patrick,Watson,32
52,Diane,James,35
53,Bobby,Price,24
54,Alice,Brooks,28
55,George,Wood,29
56,Sandra,James,31
57,Frank,Gray,34
58,Cynthia,Hughes,30
59,Mary,Richardson,27
60,Victor,Henry,22
61,Kimberly,Garcia,28
62,Randy,Mitchell,35
63,Lori,Martin,29
64,Sharon,Thompson,30
65,Rachel,Lopez,26
66,Timothy,Young,33
67,Julia,Lee,31
68,Dustin,Walker,30
69,Kathryn,Brown,24
70,Cole,Jackson,28
71,Christine,Hall,32
72,Nathan,Allen,29
73,Stacy,Moore,33
74,Henry,Harris,30
75,Amy,Scott,27
76,Kenneth,Green,35
77,Beth,Thompson,26
78,Ronald,Evans,29
79,Tina,Wright,31
80,Evelyn,Martin,30
81,Lawrence,Hernandez,28
82,Emma,White,24
83,Tony,Carter,34
84,Julia,Rivera,29
85,Dale,Hughes,26
86,Cassandra,Clark,31
87,Richard,Wood,30
88,Nina,Hall,35
89,Martin,King,27
90,Joyce,Wright,32
91,Eric,Walker,29
92,Beverly,Martinez,28
93,Mark,Allen,33
94,Laura,Carter,24
95,Simon,James,30
96,Robin,Young,28
97,Anthony,Brown,32
98,Patty,Hernandez,31
99,Chad,Morris,26
100,Laura,Brown,29
1,John,Doe,25
2,Jane,Smith,30
3,Michael,Brown,22
4,Emily,Jones,28
5,David,Garcia,35
6,Sarah,Martinez,26
7,James,Lopez,29
8,Laura,Gonzalez,31
9,Robert,Wilson,33
10,Amanda,Anderson,24
11,William,Thomas,27
12,Jessica,Taylor,32
13,Joseph,Moore,30
14,Angela,Jackson,29
15,Charles,Harris,34
16,Karen,Martin,28
17,Christopher,Thompson,25
18,Nancy,White,36
19,Matthew,Lee,21
20,Elizabeth,Walker,27
21,Daniel,Hall,30
22,Patricia,Allen,28
23,Mark,Young,33
24,Mary,Hernandez,29
25,Joshua,King,32
26,Susan,Wright,25
27,Andrew,Scott,28
28,Stephanie,Green,31
29,Joshua,Bailey,34
30,Megan,Rivera,26
31,Alexander,Carter,27
32,Linda,Mitchell,30
33,Matthew,Roberts,29
34,Kimberly,Turner,32
35,Samuel,Phillips,33
36,Michelle,Campbell,28
37,Kevin,Parker,30
38,Rachel,Evans,24
39,Anthony,Edwards,26
40,Ashley,Stewart,28
41,Brian,Richardson,35
42,Kim,Wood,29
43,Charles,Collins,31
44,Nicole,Reed,30
45,Jason,Bell,22
46,Laura,Morris,26
47,Eric,Cooper,29
48,Angela,Howard,30
49,Justin,Howard,34
50,Theresa,James,27
51,Patrick,Watson,32
52,Diane,James,35
53,Bobby,Price,24
54,Alice,Brooks,28
55,George,Wood,29
56,Sandra,James,31
57,Frank,Gray,34
58,Cynthia,Hughes,30
59,Mary,Richardson,27
60,Victor,Henry,22
61,Kimberly,Garcia,28
62,Randy,Mitchell,35
63,Lori,Martin,29
64,Sharon,Thompson,30
65,Rachel,Lopez,26
66,Timothy,Young,33
67,Julia,Lee,31
68,Dustin,Walker,30
69,Kathryn,Brown,24
70,Cole,Jackson,28
71,Christine,Hall,32
72,Nathan,Allen,29
73,Stacy,Moore,33
74,Henry,Harris,30
75,Amy,Scott,27
76,Kenneth,Green,35
77,Beth,Thompson,26
78,Ronald,Evans,29
79,Tina,Wright,31
80,Evelyn,Martin,30
81,Lawrence,Hernandez,28
82,Emma,White,24
83,Tony,Carter,34
84,Julia,Rivera,29
85,Dale,Hughes,26
86,Cassandra,Clark,31
87,Richard,Wood,30
88,Nina,Hall,35
89,Martin,King,27
90,Joyce,Wright,32
91,Eric,Walker,29
92,Beverly,Martinez,28
93,Mark,Allen,33
94,Laura,Carter,24
95,Simon,James,30
96,Robin,Young,28
97,Anthony,Brown,32
98,Patty,Hernandez,31
99,Chad,Morris,26
100,Laura,Brown,29
1,John,Doe,25
2,Jane,Smith,30
3,Michael,Brown,22
4,Emily,Jones,28
5,David,Garcia,35
6,Sarah,Martinez,26
7,James,Lopez,29
8,Laura,Gonzalez,31
9,Robert,Wilson,33
10,Amanda,Anderson,24
11,William,Thomas,27
12,Jessica,Taylor,32
13,Joseph,Moore,30
14,Angela,Jackson,29
15,Charles,Harris,34
16,Karen,Martin,28
17,Christopher,Thompson,25
18,Nancy,White,36
19,Matthew,Lee,21
20,Elizabeth,Walker,27
21,Daniel,Hall,30
22,Patricia,Allen,28
23,Mark,Young,33
24,Mary,Hernandez,29
25,Joshua,King,32
26,Susan,Wright,25
27,Andrew,Scott,28
28,Stephanie,Green,31
29,Joshua,Bailey,34
30,Megan,Rivera,26
31,Alexander,Carter,27
32,Linda,Mitchell,30
33,Matthew,Roberts,29
34,Kimberly,Turner,32
35,Samuel,Phillips,33
36,Michelle,Campbell,28
37,Kevin,Parker,30
38,Rachel,Evans,24
39,Anthony,Edwards,26
40,Ashley,Stewart,28
41,Brian,Richardson,35
42,Kim,Wood,29
43,Charles,Collins,31
44,Nicole,Reed,30
45,Jason,Bell,22
46,Laura,Morris,26
47,Eric,Cooper,29
48,Angela,Howard,30
49,Justin,Howard,34
50,Theresa,James,27
51,Patrick,Watson,32
52,Diane,James,35
53,Bobby,Price,24
54,Alice,Brooks,28
55,George,Wood,29
56,Sandra,James,31
57,Frank,Gray,34
58,Cynthia,Hughes,30
59,Mary,Richardson,27
60,Victor,Henry,22
61,Kimberly,Garcia,28
62,Randy,Mitchell,35
63,Lori,Martin,29
64,Sharon,Thompson,30
65,Rachel,Lopez,26
66,Timothy,Young,33
67,Julia,Lee,31
68,Dustin,Walker,30
69,Kathryn,Brown,24
70,Cole,Jackson,28
71,Christine,Hall,32
72,Nathan,Allen,29
73,Stacy,Moore,33
74,Henry,Harris,30
75,Amy,Scott,27
76,Kenneth,Green,35
77,Beth,Thompson,26
78,Ronald,Evans,29
79,Tina,Wright,31
80,Evelyn,Martin,30
81,Lawrence,Hernandez,28
82,Emma,White,24
83,Tony,Carter,34
84,Julia,Rivera,29
85,Dale,Hughes,26
86,Cassandra,Clark,31
87,Richard,Wood,30
88,Nina,Hall,35
89,Martin,King,27
90,Joyce,Wright,32
91,Eric,Walker,29
92,Beverly,Martinez,28
93,Mark,Allen,33
94,Laura,Carter,24
95,Simon,James,30
96,Robin,Young,28
97,Anthony,Brown,32
98,Patty,Hernandez,31
99,Chad,Morris,26
100,Laura,Brown,29
1,John,Doe,25
2,Jane,Smith,30
3,Michael,Brown,22
4,Emily,Jones,28
5,David,Garcia,35
6,Sarah,Martinez,26
7,James,Lopez,29
8,Laura,Gonzalez,31
9,Robert,Wilson,33
10,Amanda,Anderson,24
11,William,Thomas,27
12,Jessica,Taylor,32
13,Joseph,Moore,30
14,Angela,Jackson,29
15,Charles,Harris,34
16,Karen,Martin,28
17,Christopher,Thompson,25
18,Nancy,White,36
19,Matthew,Lee,21
20,Elizabeth,Walker,27
21,Daniel,Hall,30
22,Patricia,Allen,28
23,Mark,Young,33
24,Mary,Hernandez,29
25,Joshua,King,32
26,Susan,Wright,25
27,Andrew,Scott,28
28,Stephanie,Green,31
29,Joshua,Bailey,34
30,Megan,Rivera,26
31,Alexander,Carter,27
32,Linda,Mitchell,30
33,Matthew,Roberts,29
34,Kimberly,Turner,32
35,Samuel,Phillips,33
36,Michelle,Campbell,28
37,Kevin,Parker,30
38,Rachel,Evans,24
39,Anthony,Edwards,26
40,Ashley,Stewart,28
41,Brian,Richardson,35
42,Kim,Wood,29
43,Charles,Collins,31
44,Nicole,Reed,30
45,Jason,Bell,22
46,Laura,Morris,26
47,Eric,Cooper,29
48,Angela,Howard,30
49,Justin,Howard,34
50,Theresa,James,27
51,Patrick,Watson,32
52,Diane,James,35
53,Bobby,Price,24
54,Alice,Brooks,28
55,George,Wood,29
56,Sandra,James,31
57,Frank,Gray,34
58,Cynthia,Hughes,30
59,Mary,Richardson,27
60,Victor,Henry,22
61,Kimberly,Garcia,28
62,Randy,Mitchell,35
63,Lori,Martin,29
64,Sharon,Thompson,30
65,Rachel,Lopez,26
66,Timothy,Young,33
67,Julia,Lee,31
68,Dustin,Walker,30
69,Kathryn,Brown,24
70,Cole,Jackson,28
71,Christine,Hall,32
72,Nathan,Allen,29
73,Stacy,Moore,33
74,Henry,Harris,30
75,Amy,Scott,27
76,Kenneth,Green,35
77,Beth,Thompson,26
78,Ronald,Evans,29
79,Tina,Wright,31
80,Evelyn,Martin,30
81,Lawrence,Hernandez,28
82,Emma,White,24
83,Tony,Carter,34
84,Julia,Rivera,29
85,Dale,Hughes,26
86,Cassandra,Clark,31
87,Richard,Wood,30
88,Nina,Hall,35
89,Martin,King,27
90,Joyce,Wright,32
91,Eric,Walker,29
92,Beverly,Martinez,28
93,Mark,Allen,33
94,Laura,Carter,24
95,Simon,James,30
96,Robin,Young,28
97,Anthony,Brown,32
98,Patty,Hernandez,31
99,Chad,Morris,26
100,Laura,Brown,29
1,John,Doe,25
2,Jane,Smith,30
3,Michael,Brown,22
4,Emily,Jones,28
5,David,Garcia,35
6,Sarah,Martinez,26
7,James,Lopez,29
8,Laura,Gonzalez,31
9,Robert,Wilson,33
10,Amanda,Anderson,24
11,William,Thomas,27
12,Jessica,Taylor,32
13,Joseph,Moore,30
14,Angela,Jackson,29
15,Charles,Harris,34
16,Karen,Martin,28
17,Christopher,Thompson,25
18,Nancy,White,36
19,Matthew,Lee,21
20,Elizabeth,Walker,27
21,Daniel,Hall,30
22,Patricia,Allen,28
23,Mark,Young,33
24,Mary,Hernandez,29
25,Joshua,King,32
26,Susan,Wright,25
27,Andrew,Scott,28
28,Stephanie,Green,31
29,Joshua,Bailey,34
30,Megan,Rivera,26
31,Alexander,Carter,27
32,Linda,Mitchell,30
33,Matthew,Roberts,29
34,Kimberly,Turner,32
35,Samuel,Phillips,33
36,Michelle,Campbell,28
37,Kevin,Parker,30
38,Rachel,Evans,24
39,Anthony,Edwards,26
40,Ashley,Stewart,28
41,Brian,Richardson,35
42,Kim,Wood,29
43,Charles,Collins,31
44,Nicole,Reed,30
45,Jason,Bell,22
46,Laura,Morris,26
47,Eric,Cooper,29
48,Angela,Howard,30
49,Justin,Howard,34
50,Theresa,James,27
51,Patrick,Watson,32
52,Diane,James,35
53,Bobby,Price,24
54,Alice,Brooks,28
55,George,Wood,29
56,Sandra,James,31
57,Frank,Gray,34
58,Cynthia,Hughes,30
59,Mary,Richardson,27
60,Victor,Henry,22
61,Kimberly,Garcia,28
62,Randy,Mitchell,35
63,Lori,Martin,29
64,Sharon,Thompson,30
65,Rachel,Lopez,26
66,Timothy,Young,33
67,Julia,Lee,31
68,Dustin,Walker,30
69,Kathryn,Brown,24
70,Cole,Jackson,28
71,Christine,Hall,32
72,Nathan,Allen,29
73,Stacy,Moore,33
74,Henry,Harris,30
75,Amy,Scott,27
76,Kenneth,Green,35
77,Beth,Thompson,26
78,Ronald,Evans,29
79,Tina,Wright,31
80,Evelyn,Martin,30
81,Lawrence,Hernandez,28
82,Emma,White,24
83,Tony,Carter,34
84,Julia,Rivera,29
85,Dale,Hughes,26
86,Cassandra,Clark,31
87,Richard,Wood,30
88,Nina,Hall,35
89,Martin,King,27
90,Joyce,Wright,32
91,Eric,Walker,29
92,Beverly,Martinez,28
93,Mark,Allen,33
94,Laura,Carter,24
95,Simon,James,30
96,Robin,Young,28
97,Anthony,Brown,32
98,Patty,Hernandez,31
99,Chad,Morris,26
100,Laura,Brown,29
1,John,Doe,25
2,Jane,Smith,30
3,Michael,Brown,22
4,Emily,Jones,28
5,David,Garcia,35
6,Sarah,Martinez,26
7,James,Lopez,29
8,Laura,Gonzalez,31
9,Robert,Wilson,33
10,Amanda,Anderson,24
11,William,Thomas,27
12,Jessica,Taylor,32
13,Joseph,Moore,30
14,Angela,Jackson,29
15,Charles,Harris,34
16,Karen,Martin,28
17,Christopher,Thompson,25
18,Nancy,White,36
19,Matthew,Lee,21
20,Elizabeth,Walker,27
21,Daniel,Hall,30
22,Patricia,Allen,28
23,Mark,Young,33
24,Mary,Hernandez,29
25,Joshua,King,32
26,Susan,Wright,25
27,Andrew,Scott,28
28,Stephanie,Green,31
29,Joshua,Bailey,34
30,Megan,Rivera,26
31,Alexander,Carter,27
32,Linda,Mitchell,30
33,Matthew,Roberts,29
34,Kimberly,Turner,32
35,Samuel,Phillips,33
36,Michelle,Campbell,28
37,Kevin,Parker,30
38,Rachel,Evans,24
39,Anthony,Edwards,26
40,Ashley,Stewart,28
41,Brian,Richardson,35
42,Kim,Wood,29
43,Charles,Collins,31
44,Nicole,Reed,30
45,Jason,Bell,22
46,Laura,Morris,26
47,Eric,Cooper,29
48,Angela,Howard,30
49,Justin,Howard,34
50,Theresa,James,27
51,Patrick,Watson,32
52,Diane,James,35
53,Bobby,Price,24
54,Alice,Brooks,28
55,George,Wood,29
56,Sandra,James,31
57,Frank,Gray,34
58,Cynthia,Hughes,30
59,Mary,Richardson,27
60,Victor,Henry,22
61,Kimberly,Garcia,28
62,Randy,Mitchell,35
63,Lori,Martin,29
64,Sharon,Thompson,30
65,Rachel,Lopez,26
66,Timothy,Young,33
67,Julia,Lee,31
68,Dustin,Walker,30
69,Kathryn,Brown,24
70,Cole,Jackson,28
71,Christine,Hall,32
72,Nathan,Allen,29
73,Stacy,Moore,33
74,Henry,Harris,30
75,Amy,Scott,27
76,Kenneth,Green,35
77,Beth,Thompson,26
78,Ronald,Evans,29
79,Tina,Wright,31
80,Evelyn,Martin,30
81,Lawrence,Hernandez,28
82,Emma,White,24
83,Tony,Carter,34
84,Julia,Rivera,29
85,Dale,Hughes,26
86,Cassandra,Clark,31
87,Richard,Wood,30
88,Nina,Hall,35
89,Martin,King,27
90,Joyce,Wright,32
91,Eric,Walker,29
92,Beverly,Martinez,28
93,Mark,Allen,33
94,Laura,Carter,24
95,Simon,James,30
96,Robin,Young,28
97,Anthony,Brown,32
98,Patty,Hernandez,31
99,Chad,Morris,26
100,Laura,Brown,29
1,John,Doe,25
2,Jane,Smith,30
3,Michael,Brown,22
4,Emily,Jones,28
5,David,Garcia,35
6,Sarah,Martinez,26
7,James,Lopez,29
8,Laura,Gonzalez,31
9,Robert,Wilson,33
10,Amanda,Anderson,24
11,William,Thomas,27
12,Jessica,Taylor,32
13,Joseph,Moore,30
14,Angela,Jackson,29
15,Charles,Harris,34
16,Karen,Martin,28
17,Christopher,Thompson,25
18,Nancy,White,36
19,Matthew,Lee,21
20,Elizabeth,Walker,27
21,Daniel,Hall,30
22,Patricia,Allen,28
23,Mark,Young,33
24,Mary,Hernandez,29
25,Joshua,King,32
26,Susan,Wright,25
27,Andrew,Scott,28
28,Stephanie,Green,31
29,Joshua,Bailey,34
30,Megan,Rivera,26
31,Alexander,Carter,27
32,Linda,Mitchell,30
33,Matthew,Roberts,29
34,Kimberly,Turner,32
35,Samuel,Phillips,33
36,Michelle,Campbell,28
37,Kevin,Parker,30
38,Rachel,Evans,24
39,Anthony,Edwards,26
40,Ashley,Stewart,28
41,Brian,Richardson,35
42,Kim,Wood,29
43,Charles,Collins,31
44,Nicole,Reed,30
45,Jason,Bell,22
46,Laura,Morris,26
47,Eric,Cooper,29
48,Angela,Howard,30
49,Justin,Howard,34
50,Theresa,James,27
51,Patrick,Watson,32
52,Diane,James,35
53,Bobby,Price,24
54,Alice,Brooks,28
55,George,Wood,29
56,Sandra,James,31
57,Frank,Gray,34
58,Cynthia,Hughes,30
59,Mary,Richardson,27
60,Victor,Henry,22
61,Kimberly,Garcia,28
62,Randy,Mitchell,35
63,Lori,Martin,29
64,Sharon,Thompson,30
65,Rachel,Lopez,26
66,Timothy,Young,33
67,Julia,Lee,31
68,Dustin,Walker,30
69,Kathryn,Brown,24
70,Cole,Jackson,28
71,Christine,Hall,32
72,Nathan,Allen,29
73,Stacy,Moore,33
74,Henry,Harris,30
75,Amy,Scott,27
76,Kenneth,Green,35
77,Beth,Thompson,26
78,Ronald,Evans,29
79,Tina,Wright,31
80,Evelyn,Martin,30
81,Lawrence,Hernandez,28
82,Emma,White,24
83,Tony,Carter,34
84,Julia,Rivera,29
85,Dale,Hughes,26
86,Cassandra,Clark,31
87,Richard,Wood,30
88,Nina,Hall,35
89,Martin,King,27
90,Joyce,Wright,32
91,Eric,Walker,29
92,Beverly,Martinez,28
93,Mark,Allen,33
94,Laura,Carter,24
95,Simon,James,30
96,Robin,Young,28
97,Anthony,Brown,32
98,Patty,Hernandez,31
99,Chad,Morris,26
100,Laura,Brown,29
1,John,Doe,25
2,Jane,Smith,30
3,Michael,Brown,22
4,Emily,Jones,28
5,David,Garcia,35
6,Sarah,Martinez,26
7,James,Lopez,29
8,Laura,Gonzalez,31
9,Robert,Wilson,33
10,Amanda,Anderson,24
11,William,Thomas,27
12,Jessica,Taylor,32
13,Joseph,Moore,30
14,Angela,Jackson,29
15,Charles,Harris,34
16,Karen,Martin,28
17,Christopher,Thompson,25
18,Nancy,White,36
19,Matthew,Lee,21
20,Elizabeth,Walker,27
21,Daniel,Hall,30
22,Patricia,Allen,28
23,Mark,Young,33
24,Mary,Hernandez,29
25,Joshua,King,32
26,Susan,Wright,25
27,Andrew,Scott,28
28,Stephanie,Green,31
29,Joshua,Bailey,34
30,Megan,Rivera,26
31,Alexander,Carter,27
32,Linda,Mitchell,30
33,Matthew,Roberts,29
34,Kimberly,Turner,32
35,Samuel,Phillips,33
36,Michelle,Campbell,28
37,Kevin,Parker,30
38,Rachel,Evans,24
39,Anthony,Edwards,26
40,Ashley,Stewart,28
41,Brian,Richardson,35
42,Kim,Wood,29
43,Charles,Collins,31
44,Nicole,Reed,30
45,Jason,Bell,22
46,Laura,Morris,26
47,Eric,Cooper,29
48,Angela,Howard,30
49,Justin,Howard,34
50,Theresa,James,27
51,Patrick,Watson,32
52,Diane,James,35
53,Bobby,Price,24
54,Alice,Brooks,28
55,George,Wood,29
56,Sandra,James,31
57,Frank,Gray,34
58,Cynthia,Hughes,30
59,Mary,Richardson,27
60,Victor,Henry,22
61,Kimberly,Garcia,28
62,Randy,Mitchell,35
63,Lori,Martin,29
64,Sharon,Thompson,30
65,Rachel,Lopez,26
66,Timothy,Young,33
67,Julia,Lee,31
68,Dustin,Walker,30
69,Kathryn,Brown,24
70,Cole,Jackson,28
71,Christine,Hall,32
72,Nathan,Allen,29
73,Stacy,Moore,33
74,Henry,Harris,30
75,Amy,Scott,27
76,Kenneth,Green,35
77,Beth,Thompson,26
78,Ronald,Evans,29
79,Tina,Wright,31
80,Evelyn,Martin,30
81,Lawrence,Hernandez,28
82,Emma,White,24
83,Tony,Carter,34
84,Julia,Rivera,29
85,Dale,Hughes,26
86,Cassandra,Clark,31
87,Richard,Wood,30
88,Nina,Hall,35
89,Martin,King,27
90,Joyce,Wright,32
91,Eric,Walker,29
92,Beverly,Martinez,28
93,Mark,Allen,33
94,Laura,Carter,24
95,Simon,James,30
96,Robin,Young,28
97,Anthony,Brown,32
98,Patty,Hernandez,31
99,Chad,Morris,26
100,Laura,Brown,29
1,John,Doe,25
2,Jane,Smith,30
3,Michael,Brown,22
4,Emily,Jones,28
5,David,Garcia,35
6,Sarah,Martinez,26
7,James,Lopez,29
8,Laura,Gonzalez,31
9,Robert,Wilson,33
10,Amanda,Anderson,24
11,William,Thomas,27
12,Jessica,Taylor,32
13,Joseph,Moore,30
14,Angela,Jackson,29
15,Charles,Harris,34
16,Karen,Martin,28
17,Christopher,Thompson,25
18,Nancy,White,36
19,Matthew,Lee,21
20,Elizabeth,Walker,27
21,Daniel,Hall,30
22,Patricia,Allen,28
23,Mark,Young,33
24,Mary,Hernandez,29
25,Joshua,King,32
26,Susan,Wright,25
27,Andrew,Scott,28
28,Stephanie,Green,31
29,Joshua,Bailey,34
30,Megan,Rivera,26
31,Alexander,Carter,27
32,Linda,Mitchell,30
33,Matthew,Roberts,29
34,Kimberly,Turner,32
35,Samuel,Phillips,33
36,Michelle,Campbell,28
37,Kevin,Parker,30
38,Rachel,Evans,24
39,Anthony,Edwards,26
40,Ashley,Stewart,28
41,Brian,Richardson,35
42,Kim,Wood,29
43,Charles,Collins,31
44,Nicole,Reed,30
45,Jason,Bell,22
46,Laura,Morris,26
47,Eric,Cooper,29
48,Angela,Howard,30
49,Justin,Howard,34
50,Theresa,James,27
51,Patrick,Watson,32
52,Diane,James,35
53,Bobby,Price,24
54,Alice,Brooks,28
55,George,Wood,29
56,Sandra,James,31
57,Frank,Gray,34
58,Cynthia,Hughes,30
59,Mary,Richardson,27
60,Victor,Henry,22
61,Kimberly,Garcia,28
62,Randy,Mitchell,35
63,Lori,Martin,29
64,Sharon,Thompson,30
65,Rachel,Lopez,26
66,Timothy,Young,33
67,Julia,Lee,31
68,Dustin,Walker,30
69,Kathryn,Brown,24
70,Cole,Jackson,28
71,Christine,Hall,32
72,Nathan,Allen,29
73,Stacy,Moore,33
74,Henry,Harris,30
75,Amy,Scott,27
76,Kenneth,Green,35
77,Beth,Thompson,26
78,Ronald,Evans,29
79,Tina,Wright,31
80,Evelyn,Martin,30
81,Lawrence,Hernandez,28
82,Emma,White,24
83,Tony,Carter,34
84,Julia,Rivera,29
85,Dale,Hughes,26
86,Cassandra,Clark,31
87,Richard,Wood,30
88,Nina,Hall,35
89,Martin,King,27
90,Joyce,Wright,32
91,Eric,Walker,29
92,Beverly,Martinez,28
93,Mark,Allen,33
94,Laura,Carter,24
95,Simon,James,30
96,Robin,Young,28
97,Anthony,Brown,32
98,Patty,Hernandez,31
99,Chad,Morris,26
100,Laura,Brown,29
1,John,Doe,25
2,Jane,Smith,30
3,Michael,Brown,22
4,Emily,Jones,28
5,David,Garcia,35
6,Sarah,Martinez,26
7,James,Lopez,29
8,Laura,Gonzalez,31
9,Robert,Wilson,33
10,Amanda,Anderson,24
11,William,Thomas,27
12,Jessica,Taylor,32
13,Joseph,Moore,30
14,Angela,Jackson,29
15,Charles,Harris,34
16,Karen,Martin,28
17,Christopher,Thompson,25
18,Nancy,White,36
19,Matthew,Lee,21
20,Elizabeth,Walker,27
21,Daniel,Hall,30
22,Patricia,Allen,28
23,Mark,Young,33
24,Mary,Hernandez,29
25,Joshua,King,32
26,Susan,Wright,25
27,Andrew,Scott,28
28,Stephanie,Green,31
29,Joshua,Bailey,34
30,Megan,Rivera,26
31,Alexander,Carter,27
32,Linda,Mitchell,30
33,Matthew,Roberts,29
34,Kimberly,Turner,32
35,Samuel,Phillips,33
36,Michelle,Campbell,28
37,Kevin,Parker,30
38,Rachel,Evans,24
39,Anthony,Edwards,26
40,Ashley,Stewart,28
41,Brian,Richardson,35
42,Kim,Wood,29
43,Charles,Collins,31
44,Nicole,Reed,30
45,Jason,Bell,22
46,Laura,Morris,26
47,Eric,Cooper,29
48,Angela,Howard,30
49,Justin,Howard,34
50,Theresa,James,27
51,Patrick,Watson,32
52,Diane,James,35
53,Bobby,Price,24
54,Alice,Brooks,28
55,George,Wood,29
56,Sandra,James,31
57,Frank,Gray,34
58,Cynthia,Hughes,30
59,Mary,Richardson,27
60,Victor,Henry,22
61,Kimberly,Garcia,28
62,Randy,Mitchell,35
63,Lori,Martin,29
64,Sharon,Thompson,30
65,Rachel,Lopez,26
66,Timothy,Young,33
67,Julia,Lee,31
68,Dustin,Walker,30
69,Kathryn,Brown,24
70,Cole,Jackson,28
71,Christine,Hall,32
72,Nathan,Allen,29
73,Stacy,Moore,33
74,Henry,Harris,30
75,Amy,Scott,27
76,Kenneth,Green,35
77,Beth,Thompson,26
78,Ronald,Evans,29
79,Tina,Wright,31
80,Evelyn,Martin,30
81,Lawrence,Hernandez,28
82,Emma,White,24
83,Tony,Carter,34
84,Julia,Rivera,29
85,Dale,Hughes,26
86,Cassandra,Clark,31
87,Richard,Wood,30
88,Nina,Hall,35
89,Martin,King,27
90,Joyce,Wright,32
91,Eric,Walker,29
92,Beverly,Martinez,28
93,Mark,Allen,33
94,Laura,Carter,24
95,Simon,James,30
96,Robin,Young,28
97,Anthony,Brown,32
98,Patty,Hernandez,31
99,Chad,Morris,26
100,Laura,Brown,29
1,John,Doe,25
2,Jane,Smith,30
3,Michael,Brown,22
4,Emily,Jones,28
5,David,Garcia,35
6,Sarah,Martinez,26
7,James,Lopez,29
8,Laura,Gonzalez,31
9,Robert,Wilson,33
10,Amanda,Anderson,24
11,William,Thomas,27
12,Jessica,Taylor,32
13,Joseph,Moore,30
14,Angela,Jackson,29
15,Charles,Harris,34
16,Karen,Martin,28
17,Christopher,Thompson,25
18,Nancy,White,36
19,Matthew,Lee,21
20,Elizabeth,Walker,27
21,Daniel,Hall,30
22,Patricia,Allen,28
23,Mark,Young,33
24,Mary,Hernandez,29
25,Joshua,King,32
26,Susan,Wright,25
27,Andrew,Scott,28
28,Stephanie,Green,31
29,Joshua,Bailey,34
30,Megan,Rivera,26
31,Alexander,Carter,27
32,Linda,Mitchell,30
33,Matthew,Roberts,29
34,Kimberly,Turner,32
35,Samuel,Phillips,33
36,Michelle,Campbell,28
37,Kevin,Parker,30
38,Rachel,Evans,24
39,Anthony,Edwards,26
40,Ashley,Stewart,28
41,Brian,Richardson,35
42,Kim,Wood,29
43,Charles,Collins,31
44,Nicole,Reed,30
45,Jason,Bell,22
46,Laura,Morris,26
47,Eric,Cooper,29
48,Angela,Howard,30
49,Justin,Howard,34
50,Theresa,James,27
51,Patrick,Watson,32
52,Diane,James,35
53,Bobby,Price,24
54,Alice,Brooks,28
55,George,Wood,29
56,Sandra,James,31
57,Frank,Gray,34
58,Cynthia,Hughes,30
59,Mary,Richardson,27
60,Victor,Henry,22
61,Kimberly,Garcia,28
62,Randy,Mitchell,35
63,Lori,Martin,29
64,Sharon,Thompson,30
65,Rachel,Lopez,26
66,Timothy,Young,33
67,Julia,Lee,31
68,Dustin,Walker,30
69,Kathryn,Brown,24
70,Cole,Jackson,28
71,Christine,Hall,32
72,Nathan,Allen,29
73,Stacy,Moore,33
74,Henry,Harris,30
75,Amy,Scott,27
76,Kenneth,Green,35
77,Beth,Thompson,26
78,Ronald,Evans,29
79,Tina,Wright,31
80,Evelyn,Martin,30
81,Lawrence,Hernandez,28
82,Emma,White,24
83,Tony,Carter,34
84,Julia,Rivera,29
85,Dale,Hughes,26
86,Cassandra,Clark,31
87,Richard,Wood,30
88,Nina,Hall,35
89,Martin,King,27
90,Joyce,Wright,32
91,Eric,Walker,29
92,Beverly,Martinez,28
93,Mark,Allen,33
94,Laura,Carter,24
95,Simon,James,30
96,Robin,Young,28
97,Anthony,Brown,32
98,Patty,Hernandez,31
99,Chad,Morris,26
100,Laura,Brown,29
1,John,Doe,25
2,Jane,Smith,30
3,Michael,Brown,22
4,Emily,Jones,28
5,David,Garcia,35
6,Sarah,Martinez,26
7,James,Lopez,29
8,Laura,Gonzalez,31
9,Robert,Wilson,33
10,Amanda,Anderson,24
11,William,Thomas,27
12,Jessica,Taylor,32
13,Joseph,Moore,30
14,Angela,Jackson,29
15,Charles,Harris,34
16,Karen,Martin,28
17,Christopher,Thompson,25
18,Nancy,White,36
19,Matthew,Lee,21
20,Elizabeth,Walker,27
21,Daniel,Hall,30
22,Patricia,Allen,28
23,Mark,Young,33
24,Mary,Hernandez,29
25,Joshua,King,32
26,Susan,Wright,25
27,Andrew,Scott,28
28,Stephanie,Green,31
29,Joshua,Bailey,34
30,Megan,Rivera,26
31,Alexander,Carter,27
32,Linda,Mitchell,30
33,Matthew,Roberts,29
34,Kimberly,Turner,32
35,Samuel,Phillips,33
36,Michelle,Campbell,28
37,Kevin,Parker,30
38,Rachel,Evans,24
39,Anthony,Edwards,26
40,Ashley,Stewart,28
41,Brian,Richardson,35
42,Kim,Wood,29
43,Charles,Collins,31
44,Nicole,Reed,30
45,Jason,Bell,22
46,Laura,Morris,26
47,Eric,Cooper,29
48,Angela,Howard,30
49,Justin,Howard,34
50,Theresa,James,27
51,Patrick,Watson,32
52,Diane,James,35
53,Bobby,Price,24
54,Alice,Brooks,28
55,George,Wood,29
56,Sandra,James,31
57,Frank,Gray,34
58,Cynthia,Hughes,30
59,Mary,Richardson,27
60,Victor,Henry,22
61,Kimberly,Garcia,28
62,Randy,Mitchell,35
63,Lori,Martin,29
64,Sharon,Thompson,30
65,Rachel,Lopez,26
66,Timothy,Young,33
67,Julia,Lee,31
68,Dustin,Walker,30
69,Kathryn,Brown,24
70,Cole,Jackson,28
71,Christine,Hall,32
72,Nathan,Allen,29
73,Stacy,Moore,33
74,Henry,Harris,30
75,Amy,Scott,27
76,Kenneth,Green,35
77,Beth,Thompson,26
78,Ronald,Evans,29
79,Tina,Wright,31
80,Evelyn,Martin,30
81,Lawrence,Hernandez,28
82,Emma,White,24
83,Tony,Carter,34
84,Julia,Rivera,29
85,Dale,Hughes,26
86,Cassandra,Clark,31
87,Richard,Wood,30
88,Nina,Hall,35
89,Martin,King,27
90,Joyce,Wright,32
91,Eric,Walker,29
92,Beverly,Martinez,28
93,Mark,Allen,33
94,Laura,Carter,24
95,Simon,James,30
96,Robin,Young,28
97,Anthony,Brown,32
98,Patty,Hernandez,31
99,Chad,Morris,26
100,Laura,Brown,29
1,John,Doe,25
2,Jane,Smith,30
3,Michael,Brown,22
4,Emily,Jones,28
5,David,Garcia,35
6,Sarah,Martinez,26
7,James,Lopez,29
8,Laura,Gonzalez,31
9,Robert,Wilson,33
10,Amanda,Anderson,24
11,William,Thomas,27
12,Jessica,Taylor,32
13,Joseph,Moore,30
14,Angela,Jackson,29
15,Charles,Harris,34
16,Karen,Martin,28
17,Christopher,Thompson,25
18,Nancy,White,36
19,Matthew,Lee,21
20,Elizabeth,Walker,27
21,Daniel,Hall,30
22,Patricia,Allen,28
23,Mark,Young,33
24,Mary,Hernandez,29
25,Joshua,King,32
26,Susan,Wright,25
27,Andrew,Scott,28
28,Stephanie,Green,31
29,Joshua,Bailey,34
30,Megan,Rivera,26
31,Alexander,Carter,27
32,Linda,Mitchell,30
33,Matthew,Roberts,29
34,Kimberly,Turner,32
35,Samuel,Phillips,33
36,Michelle,Campbell,28
37,Kevin,Parker,30
38,Rachel,Evans,24
39,Anthony,Edwards,26
40,Ashley,Stewart,28
41,Brian,Richardson,35
42,Kim,Wood,29
43,Charles,Collins,31
44,Nicole,Reed,30
45,Jason,Bell,22
46,Laura,Morris,26
47,Eric,Cooper,29
48,Angela,Howard,30
49,Justin,Howard,34
50,Theresa,James,27
51,Patrick,Watson,32
52,Diane,James,35
53,Bobby,Price,24
54,Alice,Brooks,28
55,George,Wood,29
56,Sandra,James,31
57,Frank,Gray,34
58,Cynthia,Hughes,30
59,Mary,Richardson,27
60,Victor,Henry,22
61,Kimberly,Garcia,28
62,Randy,Mitchell,35
63,Lori,Martin,29
64,Sharon,Thompson,30
65,Rachel,Lopez,26
66,Timothy,Young,33
67,Julia,Lee,31
68,Dustin,Walker,30
69,Kathryn,Brown,24
70,Cole,Jackson,28
71,Christine,Hall,32
72,Nathan,Allen,29
73,Stacy,Moore,33
74,Henry,Harris,30
75,Amy,Scott,27
76,Kenneth,Green,35
77,Beth,Thompson,26
78,Ronald,Evans,29
79,Tina,Wright,31
80,Evelyn,Martin,30
81,Lawrence,Hernandez,28
82,Emma,White,24
83,Tony,Carter,34
84,Julia,Rivera,29
85,Dale,Hughes,26
86,Cassandra,Clark,31
87,Richard,Wood,30
88,Nina,Hall,35
89,Martin,King,27
90,Joyce,Wright,32
91,Eric,Walker,29
92,Beverly,Martinez,28
93,Mark,Allen,33
94,Laura,Carter,24
95,Simon,James,30
96,Robin,Young,28
97,Anthony,Brown,32
98,Patty,Hernandez,31
99,Chad,Morris,26
100,Laura,Brown,29
1,John,Doe,25
2,Jane,Smith,30
3,Michael,Brown,22
4,Emily,Jones,28
5,David,Garcia,35
6,Sarah,Martinez,26
7,James,Lopez,29
8,Laura,Gonzalez,31
9,Robert,Wilson,33
10,Amanda,Anderson,24
11,William,Thomas,27
12,Jessica,Taylor,32
13,Joseph,Moore,30
14,Angela,Jackson,29
15,Charles,Harris,34
16,Karen,Martin,28
17,Christopher,Thompson,25
18,Nancy,White,36
19,Matthew,Lee,21
20,Elizabeth,Walker,27
21,Daniel,Hall,30
22,Patricia,Allen,28
23,Mark,Young,33
24,Mary,Hernandez,29
25,Joshua,King,32
26,Susan,Wright,25
27,Andrew,Scott,28
28,Stephanie,Green,31
29,Joshua,Bailey,34
30,Megan,Rivera,26
31,Alexander,Carter,27
32,Linda,Mitchell,30
33,Matthew,Roberts,29
34,Kimberly,Turner,32
35,Samuel,Phillips,33
36,Michelle,Campbell,28
37,Kevin,Parker,30
38,Rachel,Evans,24
39,Anthony,Edwards,26
40,Ashley,Stewart,28
41,Brian,Richardson,35
42,Kim,Wood,29
43,Charles,Collins,31
44,Nicole,Reed,30
45,Jason,Bell,22
46,Laura,Morris,26
47,Eric,Cooper,29
48,Angela,Howard,30
49,Justin,Howard,34
50,Theresa,James,27
51,Patrick,Watson,32
52,Diane,James,35
53,Bobby,Price,24
54,Alice,Brooks,28
55,George,Wood,29
56,Sandra,James,31
57,Frank,Gray,34
58,Cynthia,Hughes,30
59,Mary,Richardson,27
60,Victor,Henry,22
61,Kimberly,Garcia,28
62,Randy,Mitchell,35
63,Lori,Martin,29
64,Sharon,Thompson,30
65,Rachel,Lopez,26
66,Timothy,Young,33
67,Julia,Lee,31
68,Dustin,Walker,30
69,Kathryn,Brown,24
70,Cole,Jackson,28
71,Christine,Hall,32
72,Nathan,Allen,29
73,Stacy,Moore,33
74,Henry,Harris,30
75,Amy,Scott,27
76,Kenneth,Green,35
77,Beth,Thompson,26
78,Ronald,Evans,29
79,Tina,Wright,31
80,Evelyn,Martin,30
81,Lawrence,Hernandez,28
82,Emma,White,24
83,Tony,Carter,34
84,Julia,Rivera,29
85,Dale,Hughes,26
86,Cassandra,Clark,31
87,Richard,Wood,30
88,Nina,Hall,35
89,Martin,King,27
90,Joyce,Wright,32
91,Eric,Walker,29
92,Beverly,Martinez,28
93,Mark,Allen,33
94,Laura,Carter,24
95,Simon,James,30
96,Robin,Young,28
97,Anthony,Brown,32
98,Patty,Hernandez,31
99,Chad,Morris,26
100,Laura,Brown,29
1,John,Doe,25
2,Jane,Smith,30
3,Michael,Brown,22
4,Emily,Jones,28
5,David,Garcia,35
6,Sarah,Martinez,26
7,James,Lopez,29
8,Laura,Gonzalez,31
9,Robert,Wilson,33
10,Amanda,Anderson,24
11,William,Thomas,27
12,Jessica,Taylor,32
13,Joseph,Moore,30
14,Angela,Jackson,29
15,Charles,Harris,34
16,Karen,Martin,28
17,Christopher,Thompson,25
18,Nancy,White,36
19,Matthew,Lee,21
20,Elizabeth,Walker,27
21,Daniel,Hall,30
22,Patricia,Allen,28
23,Mark,Young,33
24,Mary,Hernandez,29
25,Joshua,King,32
26,Susan,Wright,25
27,Andrew,Scott,28
28,Stephanie,Green,31
29,Joshua,Bailey,34
30,Megan,Rivera,26
31,Alexander,Carter,27
32,Linda,Mitchell,30
33,Matthew,Roberts,29
34,Kimberly,Turner,32
35,Samuel,Phillips,33
36,Michelle,Campbell,28
37,Kevin,Parker,30
38,Rachel,Evans,24
39,Anthony,Edwards,26
40,Ashley,Stewart,28
41,Brian,Richardson,35
42,Kim,Wood,29
43,Charles,Collins,31
44,Nicole,Reed,30
45,Jason,Bell,22
46,Laura,Morris,26
47,Eric,Cooper,29
48,Angela,Howard,30
49,Justin,Howard,34
50,Theresa,James,27
51,Patrick,Watson,32
52,Diane,James,35
53,Bobby,Price,24
54,Alice,Brooks,28
55,George,Wood,29
56,Sandra,James,31
57,Frank,Gray,34
58,Cynthia,Hughes,30
59,Mary,Richardson,27
60,Victor,Henry,22
61,Kimberly,Garcia,28
62,Randy,Mitchell,35
63,Lori,Martin,29
64,Sharon,Thompson,30
65,Rachel,Lopez,26
66,Timothy,Young,33
67,Julia,Lee,31
68,Dustin,Walker,30
69,Kathryn,Brown,24
70,Cole,Jackson,28
71,Christine,Hall,32
72,Nathan,Allen,29
73,Stacy,Moore,33
74,Henry,Harris,30
75,Amy,Scott,27
76,Kenneth,Green,35
77,Beth,Thompson,26
78,Ronald,Evans,29
79,Tina,Wright,31
80,Evelyn,Martin,30
81,Lawrence,Hernandez,28
82,Emma,White,24
83,Tony,Carter,34
84,Julia,Rivera,29
85,Dale,Hughes,26
86,Cassandra,Clark,31
87,Richard,Wood,30
88,Nina,Hall,35
89,Martin,King,27
90,Joyce,Wright,32
91,Eric,Walker,29
92,Beverly,Martinez,28
93,Mark,Allen,33
94,Laura,Carter,24
95,Simon,James,30
96,Robin,Young,28
97,Anthony,Brown,32
98,Patty,Hernandez,31
99,Chad,Morris,26
100,Laura,Brown,29
1,John,Doe,25
2,Jane,Smith,30
3,Michael,Brown,22
4,Emily,Jones,28
5,David,Garcia,35
6,Sarah,Martinez,26
7,James,Lopez,29
8,Laura,Gonzalez,31
9,Robert,Wilson,33
10,Amanda,Anderson,24
11,William,Thomas,27
12,Jessica,Taylor,32
13,Joseph,Moore,30
14,Angela,Jackson,29
15,Charles,Harris,34
16,Karen,Martin,28
17,Christopher,Thompson,25
18,Nancy,White,36
19,Matthew,Lee,21
20,Elizabeth,Walker,27
21,Daniel,Hall,30
22,Patricia,Allen,28
23,Mark,Young,33
24,Mary,Hernandez,29
25,Joshua,King,32
26,Susan,Wright,25
27,Andrew,Scott,28
28,Stephanie,Green,31
29,Joshua,Bailey,34
30,Megan,Rivera,26
31,Alexander,Carter,27
32,Linda,Mitchell,30
33,Matthew,Roberts,29
34,Kimberly,Turner,32
35,Samuel,Phillips,33
36,Michelle,Campbell,28
37,Kevin,Parker,30
38,Rachel,Evans,24
39,Anthony,Edwards,26
40,Ashley,Stewart,28
41,Brian,Richardson,35
42,Kim,Wood,29
43,Charles,Collins,31
44,Nicole,Reed,30
45,Jason,Bell,22
46,Laura,Morris,26
47,Eric,Cooper,29
48,Angela,Howard,30
49,Justin,Howard,34
50,Theresa,James,27
51,Patrick,Watson,32
52,Diane,James,35
53,Bobby,Price,24
54,Alice,Brooks,28
55,George,Wood,29
56,Sandra,James,31
57,Frank,Gray,34
58,Cynthia,Hughes,30
59,Mary,Richardson,27
60,Victor,Henry,22
61,Kimberly,Garcia,28
62,Randy,Mitchell,35
63,Lori,Martin,29
64,Sharon,Thompson,30
65,Rachel,Lopez,26
66,Timothy,Young,33
67,Julia,Lee,31
68,Dustin,Walker,30
69,Kathryn,Brown,24
70,Cole,Jackson,28
71,Christine,Hall,32
72,Nathan,Allen,29
73,Stacy,Moore,33
74,Henry,Harris,30
75,Amy,Scott,27
76,Kenneth,Green,35
77,Beth,Thompson,26
78,Ronald,Evans,29
79,Tina,Wright,31
80,Evelyn,Martin,30
81,Lawrence,Hernandez,28
82,Emma,White,24
83,Tony,Carter,34
84,Julia,Rivera,29
85,Dale,Hughes,26
86,Cassandra,Clark,31
87,Richard,Wood,30
88,Nina,Hall,35
89,Martin,King,27
90,Joyce,Wright,32
91,Eric,Walker,29
92,Beverly,Martinez,28
93,Mark,Allen,33
94,Laura,Carter,24
95,Simon,James,30
96,Robin,Young,28
97,Anthony,Brown,32
98,Patty,Hernandez,31
99,Chad,Morris,26
100,Laura,Brown,29
1,John,Doe,25
2,Jane,Smith,30
3,Michael,Brown,22
4,Emily,Jones,28
5,David,Garcia,35
6,Sarah,Martinez,26
7,James,Lopez,29
8,Laura,Gonzalez,31
9,Robert,Wilson,33
10,Amanda,Anderson,24
11,William,Thomas,27
12,Jessica,Taylor,32
13,Joseph,Moore,30
14,Angela,Jackson,29
15,Charles,Harris,34
16,Karen,Martin,28
17,Christopher,Thompson,25
18,Nancy,White,36
19,Matthew,Lee,21
20,Elizabeth,Walker,27
21,Daniel,Hall,30
22,Patricia,Allen,28
23,Mark,Young,33
24,Mary,Hernandez,29
25,Joshua,King,32
26,Susan,Wright,25
27,Andrew,Scott,28
28,Stephanie,Green,31
29,Joshua,Bailey,34
30,Megan,Rivera,26
31,Alexander,Carter,27
32,Linda,Mitchell,30
33,Matthew,Roberts,29
34,Kimberly,Turner,32
35,Samuel,Phillips,33
36,Michelle,Campbell,28
37,Kevin,Parker,30
38,Rachel,Evans,24
39,Anthony,Edwards,26
40,Ashley,Stewart,28
41,Brian,Richardson,35
42,Kim,Wood,29
43,Charles,Collins,31
44,Nicole,Reed,30
45,Jason,Bell,22
46,Laura,Morris,26
47,Eric,Cooper,29
48,Angela,Howard,30
49,Justin,Howard,34
50,Theresa,James,27
51,Patrick,Watson,32
52,Diane,James,35
53,Bobby,Price,24
54,Alice,Brooks,28
55,George,Wood,29
56,Sandra,James,31
57,Frank,Gray,34
58,Cynthia,Hughes,30
59,Mary,Richardson,27
60,Victor,Henry,22
61,Kimberly,Garcia,28
62,Randy,Mitchell,35
63,Lori,Martin,29
64,Sharon,Thompson,30
65,Rachel,Lopez,26
66,Timothy,Young,33
67,Julia,Lee,31
68,Dustin,Walker,30
69,Kathryn,Brown,24
70,Cole,Jackson,28
71,Christine,Hall,32
72,Nathan,Allen,29
73,Stacy,Moore,33
74,Henry,Harris,30
75,Amy,Scott,27
76,Kenneth,Green,35
77,Beth,Thompson,26
78,Ronald,Evans,29
79,Tina,Wright,31
80,Evelyn,Martin,30
81,Lawrence,Hernandez,28
82,Emma,White,24
83,Tony,Carter,34
84,Julia,Rivera,29
85,Dale,Hughes,26
86,Cassandra,Clark,31
87,Richard,Wood,30
88,Nina,Hall,35
89,Martin,King,27
90,Joyce,Wright,32
91,Eric,Walker,29
92,Beverly,Martinez,28
93,Mark,Allen,33
94,Laura,Carter,24
95,Simon,James,30
96,Robin,Young,28
97,Anthony,Brown,32
98,Patty,Hernandez,31
99,Chad,Morris,26
100,Laura,Brown,29
1,John,Doe,25
2,Jane,Smith,30
3,Michael,Brown,22
4,Emily,Jones,28
5,David,Garcia,35
6,Sarah,Martinez,26
7,James,Lopez,29
8,Laura,Gonzalez,31
9,Robert,Wilson,33
10,Amanda,Anderson,24
11,William,Thomas,27
12,Jessica,Taylor,32
13,Joseph,Moore,30
14,Angela,Jackson,29
15,Charles,Harris,34
16,Karen,Martin,28
17,Christopher,Thompson,25
18,Nancy,White,36
19,Matthew,Lee,21
20,Elizabeth,Walker,27
21,Daniel,Hall,30
22,Patricia,Allen,28
23,Mark,Young,33
24,Mary,Hernandez,29
25,Joshua,King,32
26,Susan,Wright,25
27,Andrew,Scott,28
28,Stephanie,Green,31
29,Joshua,Bailey,34
30,Megan,Rivera,26
31,Alexander,Carter,27
32,Linda,Mitchell,30
33,Matthew,Roberts,29
34,Kimberly,Turner,32
35,Samuel,Phillips,33
36,Michelle,Campbell,28
37,Kevin,Parker,30
38,Rachel,Evans,24
39,Anthony,Edwards,26
40,Ashley,Stewart,28
41,Brian,Richardson,35
42,Kim,Wood,29
43,Charles,Collins,31
44,Nicole,Reed,30
45,Jason,Bell,22
46,Laura,Morris,26
47,Eric,Cooper,29
48,Angela,Howard,30
49,Justin,Howard,34
50,Theresa,James,27
51,Patrick,Watson,32
52,Diane,James,35
53,Bobby,Price,24
54,Alice,Brooks,28
55,George,Wood,29
56,Sandra,James,31
57,Frank,Gray,34
58,Cynthia,Hughes,30
59,Mary,Richardson,27
60,Victor,Henry,22
61,Kimberly,Garcia,28
62,Randy,Mitchell,35
63,Lori,Martin,29
64,Sharon,Thompson,30
65,Rachel,Lopez,26
66,Timothy,Young,33
67,Julia,Lee,31
68,Dustin,Walker,30
69,Kathryn,Brown,24
70,Cole,Jackson,28
71,Christine,Hall,32
72,Nathan,Allen,29
73,Stacy,Moore,33
74,Henry,Harris,30
75,Amy,Scott,27
76,Kenneth,Green,35
77,Beth,Thompson,26
78,Ronald,Evans,29
79,Tina,Wright,31
80,Evelyn,Martin,30
81,Lawrence,Hernandez,28
82,Emma,White,24
83,Tony,Carter,34
84,Julia,Rivera,29
85,Dale,Hughes,26
86,Cassandra,Clark,31
87,Richard,Wood,30
88,Nina,Hall,35
89,Martin,King,27
90,Joyce,Wright,32
91,Eric,Walker,29
92,Beverly,Martinez,28
93,Mark,Allen,33
94,Laura,Carter,24
95,Simon,James,30
96,Robin,Young,28
97,Anthony,Brown,32
98,Patty,Hernandez,31
99,Chad,Morris,26
100,Laura,Brown,29
1,John,Doe,25
2,Jane,Smith,30
3,Michael,Brown,22
4,Emily,Jones,28
5,David,Garcia,35
6,Sarah,Martinez,26
7,James,Lopez,29
8,Laura,Gonzalez,31
9,Robert,Wilson,33
10,Amanda,Anderson,24
11,William,Thomas,27
12,Jessica,Taylor,32
13,Joseph,Moore,30
14,Angela,Jackson,29
15,Charles,Harris,34
16,Karen,Martin,28
17,Christopher,Thompson,25
18,Nancy,White,36
19,Matthew,Lee,21
20,Elizabeth,Walker,27
21,Daniel,Hall,30
22,Patricia,Allen,28
23,Mark,Young,33
24,Mary,Hernandez,29
25,Joshua,King,32
26,Susan,Wright,25
27,Andrew,Scott,28
28,Stephanie,Green,31
29,Joshua,Bailey,34
30,Megan,Rivera,26
31,Alexander,Carter,27
32,Linda,Mitchell,30
33,Matthew,Roberts,29
34,Kimberly,Turner,32
35,Samuel,Phillips,33
36,Michelle,Campbell,28
37,Kevin,Parker,30
38,Rachel,Evans,24
39,Anthony,Edwards,26
40,Ashley,Stewart,28
41,Brian,Richardson,35
42,Kim,Wood,29
43,Charles,Collins,31
44,Nicole,Reed,30
45,Jason,Bell,22
46,Laura,Morris,26
47,Eric,Cooper,29
48,Angela,Howard,30
49,Justin,Howard,34
50,Theresa,James,27
51,Patrick,Watson,32
52,Diane,James,35
53,Bobby,Price,24
54,Alice,Brooks,28
55,George,Wood,29
56,Sandra,James,31
57,Frank,Gray,34
58,Cynthia,Hughes,30
59,Mary,Richardson,27
60,Victor,Henry,22
61,Kimberly,Garcia,28
62,Randy,Mitchell,35
63,Lori,Martin,29
64,Sharon,Thompson,30
65,Rachel,Lopez,26
66,Timothy,Young,33
67,Julia,Lee,31
68,Dustin,Walker,30
69,Kathryn,Brown,24
70,Cole,Jackson,28
71,Christine,Hall,32
72,Nathan,Allen,29
73,Stacy,Moore,33
74,Henry,Harris,30
75,Amy,Scott,27
76,Kenneth,Green,35
77,Beth,Thompson,26
78,Ronald,Evans,29
79,Tina,Wright,31
80,Evelyn,Martin,30
81,Lawrence,Hernandez,28
82,Emma,White,24
83,Tony,Carter,34
84,Julia,Rivera,29
85,Dale,Hughes,26
86,Cassandra,Clark,31
87,Richard,Wood,30
88,Nina,Hall,35
89,Martin,King,27
90,Joyce,Wright,32
91,Eric,Walker,29
92,Beverly,Martinez,28
93,Mark,Allen,33
94,Laura,Carter,24
95,Simon,James,30
96,Robin,Young,28
97,Anthony,Brown,32
98,Patty,Hernandez,31
99,Chad,Morris,26
100,Laura,Brown,29
1,John,Doe,25
2,Jane,Smith,30
3,Michael,Brown,22
4,Emily,Jones,28
5,David,Garcia,35
6,Sarah,Martinez,26
7,James,Lopez,29
8,Laura,Gonzalez,31
9,Robert,Wilson,33
10,Amanda,Anderson,24
11,William,Thomas,27
12,Jessica,Taylor,32
13,Joseph,Moore,30
14,Angela,Jackson,29
15,Charles,Harris,34
16,Karen,Martin,28
17,Christopher,Thompson,25
18,Nancy,White,36
19,Matthew,Lee,21
20,Elizabeth,Walker,27
21,Daniel,Hall,30
22,Patricia,Allen,28
23,Mark,Young,33
24,Mary,Hernandez,29
25,Joshua,King,32
26,Susan,Wright,25
27,Andrew,Scott,28
28,Stephanie,Green,31
29,Joshua,Bailey,34
30,Megan,Rivera,26
31,Alexander,Carter,27
32,Linda,Mitchell,30
33,Matthew,Roberts,29
34,Kimberly,Turner,32
35,Samuel,Phillips,33
36,Michelle,Campbell,28
37,Kevin,Parker,30
38,Rachel,Evans,24
39,Anthony,Edwards,26
40,Ashley,Stewart,28
41,Brian,Richardson,35
42,Kim,Wood,29
43,Charles,Collins,31
44,Nicole,Reed,30
45,Jason,Bell,22
46,Laura,Morris,26
47,Eric,Cooper,29
48,Angela,Howard,30
49,Justin,Howard,34
50,Theresa,James,27
51,Patrick,Watson,32
52,Diane,James,35
53,Bobby,Price,24
54,Alice,Brooks,28
55,George,Wood,29
56,Sandra,James,31
57,Frank,Gray,34
58,Cynthia,Hughes,30
59,Mary,Richardson,27
60,Victor,Henry,22
61,Kimberly,Garcia,28
62,Randy,Mitchell,35
63,Lori,Martin,29
64,Sharon,Thompson,30
65,Rachel,Lopez,26
66,Timothy,Young,33
67,Julia,Lee,31
68,Dustin,Walker,30
69,Kathryn,Brown,24
70,Cole,Jackson,28
71,Christine,Hall,32
72,Nathan,Allen,29
73,Stacy,Moore,33
74,Henry,Harris,30
75,Amy,Scott,27
76,Kenneth,Green,35
77,Beth,Thompson,26
78,Ronald,Evans,29
79,Tina,Wright,31
80,Evelyn,Martin,30
81,Lawrence,Hernandez,28
82,Emma,White,24
83,Tony,Carter,34
84,Julia,Rivera,29
85,Dale,Hughes,26
86,Cassandra,Clark,31
87,Richard,Wood,30
88,Nina,Hall,35
89,Martin,King,27
90,Joyce,Wright,32
91,Eric,Walker,29
92,Beverly,Martinez,28
93,Mark,Allen,33
94,Laura,Carter,24
95,Simon,James,30
96,Robin,Young,28
97,Anthony,Brown,32
98,Patty,Hernandez,31
99,Chad,Morris,26
100,Laura,Brown,29

1,John,Doe,25
2,Jane,Smith,30
3,Michael,Brown,22
4,Emily,Jones,28
5,David,Garcia,35
6,Sarah,Martinez,26
7,James,Lopez,29
8,Laura,Gonzalez,31
9,Robert,Wilson,33
10,Amanda,Anderson,24
11,William,Thomas,27
12,Jessica,Taylor,32
13,Joseph,Moore,30
14,Angela,Jackson,29
15,Charles,Harris,34
16,Karen,Martin,28
17,Christopher,Thompson,25
18,Nancy,White,36
19,Matthew,Lee,21
20,Elizabeth,Walker,27
21,Daniel,Hall,30
22,Patricia,Allen,28
23,Mark,Young,33
24,Mary,Hernandez,29
25,Joshua,King,32
26,Susan,Wright,25
27,Andrew,Scott,28
28,Stephanie,Green,31
29,Joshua,Bailey,34
30,Megan,Rivera,26
31,Alexander,Carter,27
32,Linda,Mitchell,30
33,Matthew,Roberts,29
34,Kimberly,Turner,32
35,Samuel,Phillips,33
36,Michelle,Campbell,28
37,Kevin,Parker,30
38,Rachel,Evans,24
39,Anthony,Edwards,26
40,Ashley,Stewart,28
41,Brian,Richardson,35
42,Kim,Wood,29
43,Charles,Collins,31
44,Nicole,Reed,30
45,Jason,Bell,22
46,Laura,Morris,26
47,Eric,Cooper,29
48,Angela,Howard,30
49,Justin,Howard,34
50,Theresa,James,27
51,Patrick,Watson,32
52,Diane,James,35
53,Bobby,Price,24
54,Alice,Brooks,28
55,George,Wood,29
56,Sandra,James,31
57,Frank,Gray,34
58,Cynthia,Hughes,30
59,Mary,Richardson,27
60,Victor,Henry,22
61,Kimberly,Garcia,28
62,Randy,Mitchell,35
63,Lori,Martin,29
64,Sharon,Thompson,30
65,Rachel,Lopez,26
66,Timothy,Young,33
67,Julia,Lee,31
68,Dustin,Walker,30
69,Kathryn,Brown,24
70,Cole,Jackson,28
71,Christine,Hall,32
72,Nathan,Allen,29
73,Stacy,Moore,33
74,Henry,Harris,30
75,Amy,Scott,27
76,Kenneth,Green,35
77,Beth,Thompson,26
78,Ronald,Evans,29
79,Tina,Wright,31
80,Evelyn,Martin,30
81,Lawrence,Hernandez,28
82,Emma,White,24
83,Tony,Carter,34
84,Julia,Rivera,29
85,Dale,Hughes,26
86,Cassandra,Clark,31
87,Richard,Wood,30
88,Nina,Hall,35
89,Martin,King,27
90,Joyce,Wright,32
91,Eric,Walker,29
92,Beverly,Martinez,28
93,Mark,Allen,33
94,Laura,Carter,24
95,Simon,James,30
96,Robin,Young,28
97,Anthony,Brown,32
98,Patty,Hernandez,31
99,Chad,Morris,26
100,Laura,Brown,29
1,John,Doe,25
2,Jane,Smith,30
3,Michael,Brown,22
4,Emily,Jones,28
5,David,Garcia,35
6,Sarah,Martinez,26
7,James,Lopez,29
8,Laura,Gonzalez,31
9,Robert,Wilson,33
10,Amanda,Anderson,24
11,William,Thomas,27
12,Jessica,Taylor,32
13,Joseph,Moore,30
14,Angela,Jackson,29
15,Charles,Harris,34
16,Karen,Martin,28
17,Christopher,Thompson,25
18,Nancy,White,36
19,Matthew,Lee,21
20,Elizabeth,Walker,27
21,Daniel,Hall,30
22,Patricia,Allen,28
23,Mark,Young,33
24,Mary,Hernandez,29
25,Joshua,King,32
26,Susan,Wright,25
27,Andrew,Scott,28
28,Stephanie,Green,31
29,Joshua,Bailey,34
30,Megan,Rivera,26
31,Alexander,Carter,27
32,Linda,Mitchell,30
33,Matthew,Roberts,29
34,Kimberly,Turner,32
35,Samuel,Phillips,33
36,Michelle,Campbell,28
37,Kevin,Parker,30
38,Rachel,Evans,24
39,Anthony,Edwards,26
40,Ashley,Stewart,28
41,Brian,Richardson,35
42,Kim,Wood,29
43,Charles,Collins,31
44,Nicole,Reed,30
45,Jason,Bell,22
46,Laura,Morris,26
47,Eric,Cooper,29
48,Angela,Howard,30
49,Justin,Howard,34
50,Theresa,James,27
51,Patrick,Watson,32
52,Diane,James,35
53,Bobby,Price,24
54,Alice,Brooks,28
55,George,Wood,29
56,Sandra,James,31
57,Frank,Gray,34
58,Cynthia,Hughes,30
59,Mary,Richardson,27
60,Victor,Henry,22
61,Kimberly,Garcia,28
62,Randy,Mitchell,35
63,Lori,Martin,29
64,Sharon,Thompson,30
65,Rachel,Lopez,26
66,Timothy,Young,33
67,Julia,Lee,31
68,Dustin,Walker,30
69,Kathryn,Brown,24
70,Cole,Jackson,28
71,Christine,Hall,32
72,Nathan,Allen,29
73,Stacy,Moore,33
74,Henry,Harris,30
75,Amy,Scott,27
76,Kenneth,Green,35
77,Beth,Thompson,26
78,Ronald,Evans,29
79,Tina,Wright,31
80,Evelyn,Martin,30
81,Lawrence,Hernandez,28
82,Emma,White,24
83,Tony,Carter,34
84,Julia,Rivera,29
85,Dale,Hughes,26
86,Cassandra,Clark,31
87,Richard,Wood,30
88,Nina,Hall,35
89,Martin,King,27
90,Joyce,Wright,32
91,Eric,Walker,29
92,Beverly,Martinez,28
93,Mark,Allen,33
94,Laura,Carter,24
95,Simon,James,30
96,Robin,Young,28
97,Anthony,Brown,32
98,Patty,Hernandez,31
99,Chad,Morris,26
100,Laura,Brown,291,John,Doe,25
2,Jane,Smith,30
3,Michael,Brown,22
4,Emily,Jones,28
5,David,Garcia,35
6,Sarah,Martinez,26
7,James,Lopez,29
8,Laura,Gonzalez,31
9,Robert,Wilson,33
10,Amanda,Anderson,24
11,William,Thomas,27
12,Jessica,Taylor,32
13,Joseph,Moore,30
14,Angela,Jackson,29
15,Charles,Harris,34
16,Karen,Martin,28
17,Christopher,Thompson,25
18,Nancy,White,36
19,Matthew,Lee,21
20,Elizabeth,Walker,27
21,Daniel,Hall,30
22,Patricia,Allen,28
23,Mark,Young,33
24,Mary,Hernandez,29
25,Joshua,King,32
26,Susan,Wright,25
27,Andrew,Scott,28
28,Stephanie,Green,31
29,Joshua,Bailey,34
30,Megan,Rivera,26
31,Alexander,Carter,27
32,Linda,Mitchell,30
33,Matthew,Roberts,29
34,Kimberly,Turner,32
35,Samuel,Phillips,33
36,Michelle,Campbell,28
37,Kevin,Parker,30
38,Rachel,Evans,24
39,Anthony,Edwards,26
40,Ashley,Stewart,28
41,Brian,Richardson,35
42,Kim,Wood,29
43,Charles,Collins,31
44,Nicole,Reed,30
45,Jason,Bell,22
46,Laura,Morris,26
47,Eric,Cooper,29
48,Angela,Howard,30
49,Justin,Howard,34
50,Theresa,James,27
51,Patrick,Watson,32
52,Diane,James,35
53,Bobby,Price,24
54,Alice,Brooks,28
55,George,Wood,29
56,Sandra,James,31
57,Frank,Gray,34
58,Cynthia,Hughes,30
59,Mary,Richardson,27
60,Victor,Henry,22
61,Kimberly,Garcia,28
62,Randy,Mitchell,35
63,Lori,Martin,29
64,Sharon,Thompson,30
65,Rachel,Lopez,26
66,Timothy,Young,33
67,Julia,Lee,31
68,Dustin,Walker,30
69,Kathryn,Brown,24
70,Cole,Jackson,28
71,Christine,Hall,32
72,Nathan,Allen,29
73,Stacy,Moore,33
74,Henry,Harris,30
75,Amy,Scott,27
76,Kenneth,Green,35
77,Beth,Thompson,26
78,Ronald,Evans,29
79,Tina,Wright,31
80,Evelyn,Martin,30
81,Lawrence,Hernandez,28
82,Emma,White,24
83,Tony,Carter,34
84,Julia,Rivera,29
85,Dale,Hughes,26
86,Cassandra,Clark,31
87,Richard,Wood,30
88,Nina,Hall,35
89,Martin,King,27
90,Joyce,Wright,32
91,Eric,Walker,29
92,Beverly,Martinez,28
93,Mark,Allen,33
94,Laura,Carter,24
95,Simon,James,30
96,Robin,Young,28
97,Anthony,Brown,32
98,Patty,Hernandez,31
99,Chad,Morris,26
100,Laura,Brown,29
1,John,Doe,25
2,Jane,Smith,30
3,Michael,Brown,22
4,Emily,Jones,28
5,David,Garcia,35
6,Sarah,Martinez,26
7,James,Lopez,29
8,Laura,Gonzalez,31
9,Robert,Wilson,33
10,Amanda,Anderson,24
11,William,Thomas,27
12,Jessica,Taylor,32
13,Joseph,Moore,30
14,Angela,Jackson,29
15,Charles,Harris,34
16,Karen,Martin,28
17,Christopher,Thompson,25
18,Nancy,White,36
19,Matthew,Lee,21
20,Elizabeth,Walker,27
21,Daniel,Hall,30
22,Patricia,Allen,28
23,Mark,Young,33
24,Mary,Hernandez,29
25,Joshua,King,32
26,Susan,Wright,25
27,Andrew,Scott,28
28,Stephanie,Green,31
29,Joshua,Bailey,34
30,Megan,Rivera,26
31,Alexander,Carter,27
32,Linda,Mitchell,30
33,Matthew,Roberts,29
34,Kimberly,Turner,32
35,Samuel,Phillips,33
36,Michelle,Campbell,28
37,Kevin,Parker,30
38,Rachel,Evans,24
39,Anthony,Edwards,26
40,Ashley,Stewart,28
41,Brian,Richardson,35
42,Kim,Wood,29
43,Charles,Collins,31
44,Nicole,Reed,30
45,Jason,Bell,22
46,Laura,Morris,26
47,Eric,Cooper,29
48,Angela,Howard,30
49,Justin,Howard,34
50,Theresa,James,27
51,Patrick,Watson,32
52,Diane,James,35
53,Bobby,Price,24
54,Alice,Brooks,28
55,George,Wood,29
56,Sandra,James,31
57,Frank,Gray,34
58,Cynthia,Hughes,30
59,Mary,Richardson,27
60,Victor,Henry,22
61,Kimberly,Garcia,28
62,Randy,Mitchell,35
63,Lori,Martin,29
64,Sharon,Thompson,30
65,Rachel,Lopez,26
66,Timothy,Young,33
67,Julia,Lee,31
68,Dustin,Walker,30
69,Kathryn,Brown,24
70,Cole,Jackson,28
71,Christine,Hall,32
72,Nathan,Allen,29
73,Stacy,Moore,33
74,Henry,Harris,30
75,Amy,Scott,27
76,Kenneth,Green,35
77,Beth,Thompson,26
78,Ronald,Evans,29
79,Tina,Wright,31
80,Evelyn,Martin,30
81,Lawrence,Hernandez,28
82,Emma,White,24
83,Tony,Carter,34
84,Julia,Rivera,29
85,Dale,Hughes,26
86,Cassandra,Clark,31
87,Richard,Wood,30
88,Nina,Hall,35
89,Martin,King,27
90,Joyce,Wright,32
91,Eric,Walker,29
92,Beverly,Martinez,28
93,Mark,Allen,33
94,Laura,Carter,24
95,Simon,James,30
96,Robin,Young,28
97,Anthony,Brown,32
98,Patty,Hernandez,31
99,Chad,Morris,26
100,Laura,Brown,29
1,John,Doe,25
2,Jane,Smith,30
3,Michael,Brown,22
4,Emily,Jones,28
5,David,Garcia,35
6,Sarah,Martinez,26
7,James,Lopez,29
8,Laura,Gonzalez,31
9,Robert,Wilson,33
10,Amanda,Anderson,24
11,William,Thomas,27
12,Jessica,Taylor,32
13,Joseph,Moore,30
14,Angela,Jackson,29
15,Charles,Harris,34
16,Karen,Martin,28
17,Christopher,Thompson,25
18,Nancy,White,36
19,Matthew,Lee,21
20,Elizabeth,Walker,27
21,Daniel,Hall,30
22,Patricia,Allen,28
23,Mark,Young,33
24,Mary,Hernandez,29
25,Joshua,King,32
26,Susan,Wright,25
27,Andrew,Scott,28
28,Stephanie,Green,31
29,Joshua,Bailey,34
30,Megan,Rivera,26
31,Alexander,Carter,27
32,Linda,Mitchell,30
33,Matthew,Roberts,29
34,Kimberly,Turner,32
35,Samuel,Phillips,33
36,Michelle,Campbell,28
37,Kevin,Parker,30
38,Rachel,Evans,24
39,Anthony,Edwards,26
40,Ashley,Stewart,28
41,Brian,Richardson,35
42,Kim,Wood,29
43,Charles,Collins,31
44,Nicole,Reed,30
45,Jason,Bell,22
46,Laura,Morris,26
47,Eric,Cooper,29
48,Angela,Howard,30
49,Justin,Howard,34
50,Theresa,James,27
51,Patrick,Watson,32
52,Diane,James,35
53,Bobby,Price,24
54,Alice,Brooks,28
55,George,Wood,29
56,Sandra,James,31
57,Frank,Gray,34
58,Cynthia,Hughes,30
59,Mary,Richardson,27
60,Victor,Henry,22
61,Kimberly,Garcia,28
62,Randy,Mitchell,35
63,Lori,Martin,29
64,Sharon,Thompson,30
65,Rachel,Lopez,26
66,Timothy,Young,33
67,Julia,Lee,31
68,Dustin,Walker,30
69,Kathryn,Brown,24
70,Cole,Jackson,28
71,Christine,Hall,32
72,Nathan,Allen,29
73,Stacy,Moore,33
74,Henry,Harris,30
75,Amy,Scott,27
76,Kenneth,Green,35
77,Beth,Thompson,26
78,Ronald,Evans,29
79,Tina,Wright,31
80,Evelyn,Martin,30
81,Lawrence,Hernandez,28
82,Emma,White,24
83,Tony,Carter,34
84,Julia,Rivera,29
85,Dale,Hughes,26
86,Cassandra,Clark,31
87,Richard,Wood,30
88,Nina,Hall,35
89,Martin,King,27
90,Joyce,Wright,32
91,Eric,Walker,29
92,Beverly,Martinez,28
93,Mark,Allen,33
94,Laura,Carter,24
95,Simon,James,30
96,Robin,Young,28
97,Anthony,Brown,32
98,Patty,Hernandez,31
99,Chad,Morris,26
100,Laura,Brown,29
1,John,Doe,25
2,Jane,Smith,30
3,Michael,Brown,22
4,Emily,Jones,28
5,David,Garcia,35
6,Sarah,Martinez,26
7,James,Lopez,29
8,Laura,Gonzalez,31
9,Robert,Wilson,33
10,Amanda,Anderson,24
11,William,Thomas,27
12,Jessica,Taylor,32
13,Joseph,Moore,30
14,Angela,Jackson,29
15,Charles,Harris,34
16,Karen,Martin,28
17,Christopher,Thompson,25
18,Nancy,White,36
19,Matthew,Lee,21
20,Elizabeth,Walker,27
21,Daniel,Hall,30
22,Patricia,Allen,28
23,Mark,Young,33
24,Mary,Hernandez,29
25,Joshua,King,32
26,Susan,Wright,25
27,Andrew,Scott,28
28,Stephanie,Green,31
29,Joshua,Bailey,34
30,Megan,Rivera,26
31,Alexander,Carter,27
32,Linda,Mitchell,30
33,Matthew,Roberts,29
34,Kimberly,Turner,32
35,Samuel,Phillips,33
36,Michelle,Campbell,28
37,Kevin,Parker,30
38,Rachel,Evans,24
39,Anthony,Edwards,26
40,Ashley,Stewart,28
41,Brian,Richardson,35
42,Kim,Wood,29
43,Charles,Collins,31
44,Nicole,Reed,30
45,Jason,Bell,22
46,Laura,Morris,26
47,Eric,Cooper,29
48,Angela,Howard,30
49,Justin,Howard,34
50,Theresa,James,27
51,Patrick,Watson,32
52,Diane,James,35
53,Bobby,Price,24
54,Alice,Brooks,28
55,George,Wood,29
56,Sandra,James,31
57,Frank,Gray,34
58,Cynthia,Hughes,30
59,Mary,Richardson,27
60,Victor,Henry,22
61,Kimberly,Garcia,28
62,Randy,Mitchell,35
63,Lori,Martin,29
64,Sharon,Thompson,30
65,Rachel,Lopez,26
66,Timothy,Young,33
67,Julia,Lee,31
68,Dustin,Walker,30
69,Kathryn,Brown,24
70,Cole,Jackson,28
71,Christine,Hall,32
72,Nathan,Allen,29
73,Stacy,Moore,33
74,Henry,Harris,30
75,Amy,Scott,27
76,Kenneth,Green,35
77,Beth,Thompson,26
78,Ronald,Evans,29
79,Tina,Wright,31
80,Evelyn,Martin,30
81,Lawrence,Hernandez,28
82,Emma,White,24
83,Tony,Carter,34
84,Julia,Rivera,29
85,Dale,Hughes,26
86,Cassandra,Clark,31
87,Richard,Wood,30
88,Nina,Hall,35
89,Martin,King,27
90,Joyce,Wright,32
91,Eric,Walker,29
92,Beverly,Martinez,28
93,Mark,Allen,33
94,Laura,Carter,24
95,Simon,James,30
96,Robin,Young,28
97,Anthony,Brown,32
98,Patty,Hernandez,31
99,Chad,Morris,26
100,Laura,Brown,29
1,John,Doe,25
2,Jane,Smith,30
3,Michael,Brown,22
4,Emily,Jones,28
5,David,Garcia,35
6,Sarah,Martinez,26
7,James,Lopez,29
8,Laura,Gonzalez,31
9,Robert,Wilson,33
10,Amanda,Anderson,24
11,William,Thomas,27
12,Jessica,Taylor,32
13,Joseph,Moore,30
14,Angela,Jackson,29
15,Charles,Harris,34
16,Karen,Martin,28
17,Christopher,Thompson,25
18,Nancy,White,36
19,Matthew,Lee,21
20,Elizabeth,Walker,27
21,Daniel,Hall,30
22,Patricia,Allen,28
23,Mark,Young,33
24,Mary,Hernandez,29
25,Joshua,King,32
26,Susan,Wright,25
27,Andrew,Scott,28
28,Stephanie,Green,31
29,Joshua,Bailey,34
30,Megan,Rivera,26
31,Alexander,Carter,27
32,Linda,Mitchell,30
33,Matthew,Roberts,29
34,Kimberly,Turner,32
35,Samuel,Phillips,33
36,Michelle,Campbell,28
37,Kevin,Parker,30
38,Rachel,Evans,24
39,Anthony,Edwards,26
40,Ashley,Stewart,28
41,Brian,Richardson,35
42,Kim,Wood,29
43,Charles,Collins,31
44,Nicole,Reed,30
45,Jason,Bell,22
46,Laura,Morris,26
47,Eric,Cooper,29
48,Angela,Howard,30
49,Justin,Howard,34
50,Theresa,James,27
51,Patrick,Watson,32
52,Diane,James,35
53,Bobby,Price,24
54,Alice,Brooks,28
55,George,Wood,29
56,Sandra,James,31
57,Frank,Gray,34
58,Cynthia,Hughes,30
59,Mary,Richardson,27
60,Victor,Henry,22
61,Kimberly,Garcia,28
62,Randy,Mitchell,35
63,Lori,Martin,29
64,Sharon,Thompson,30
65,Rachel,Lopez,26
66,Timothy,Young,33
67,Julia,Lee,31
68,Dustin,Walker,30
69,Kathryn,Brown,24
70,Cole,Jackson,28
71,Christine,Hall,32
72,Nathan,Allen,29
73,Stacy,Moore,33
74,Henry,Harris,30
75,Amy,Scott,27
76,Kenneth,Green,35
77,Beth,Thompson,26
78,Ronald,Evans,29
79,Tina,Wright,31
80,Evelyn,Martin,30
81,Lawrence,Hernandez,28
82,Emma,White,24
83,Tony,Carter,34
84,Julia,Rivera,29
85,Dale,Hughes,26
86,Cassandra,Clark,31
87,Richard,Wood,30
88,Nina,Hall,35
89,Martin,King,27
90,Joyce,Wright,32
91,Eric,Walker,29
92,Beverly,Martinez,28
93,Mark,Allen,33
94,Laura,Carter,24
95,Simon,James,30
96,Robin,Young,28
97,Anthony,Brown,32
98,Patty,Hernandez,31
99,Chad,Morris,26
100,Laura,Brown,29
1,John,Doe,25
2,Jane,Smith,30
3,Michael,Brown,22
4,Emily,Jones,28
5,David,Garcia,35
6,Sarah,Martinez,26
7,James,Lopez,29
8,Laura,Gonzalez,31
9,Robert,Wilson,33
10,Amanda,Anderson,24
11,William,Thomas,27
12,Jessica,Taylor,32
13,Joseph,Moore,30
14,Angela,Jackson,29
15,Charles,Harris,34
16,Karen,Martin,28
17,Christopher,Thompson,25
18,Nancy,White,36
19,Matthew,Lee,21
20,Elizabeth,Walker,27
21,Daniel,Hall,30
22,Patricia,Allen,28
23,Mark,Young,33
24,Mary,Hernandez,29
25,Joshua,King,32
26,Susan,Wright,25
27,Andrew,Scott,28
28,Stephanie,Green,31
29,Joshua,Bailey,34
30,Megan,Rivera,26
31,Alexander,Carter,27
32,Linda,Mitchell,30
33,Matthew,Roberts,29
34,Kimberly,Turner,32
35,Samuel,Phillips,33
36,Michelle,Campbell,28
37,Kevin,Parker,30
38,Rachel,Evans,24
39,Anthony,Edwards,26
40,Ashley,Stewart,28
41,Brian,Richardson,35
42,Kim,Wood,29
43,Charles,Collins,31
44,Nicole,Reed,30
45,Jason,Bell,22
46,Laura,Morris,26
47,Eric,Cooper,29
48,Angela,Howard,30
49,Justin,Howard,34
50,Theresa,James,27
51,Patrick,Watson,32
52,Diane,James,35
53,Bobby,Price,24
54,Alice,Brooks,28
55,George,Wood,29
56,Sandra,James,31
57,Frank,Gray,34
58,Cynthia,Hughes,30
59,Mary,Richardson,27
60,Victor,Henry,22
61,Kimberly,Garcia,28
62,Randy,Mitchell,35
63,Lori,Martin,29
64,Sharon,Thompson,30
65,Rachel,Lopez,26
66,Timothy,Young,33
67,Julia,Lee,31
68,Dustin,Walker,30
69,Kathryn,Brown,24
70,Cole,Jackson,28
71,Christine,Hall,32
72,Nathan,Allen,29
73,Stacy,Moore,33
74,Henry,Harris,30
75,Amy,Scott,27
76,Kenneth,Green,35
77,Beth,Thompson,26
78,Ronald,Evans,29
79,Tina,Wright,31
80,Evelyn,Martin,30
81,Lawrence,Hernandez,28
82,Emma,White,24
83,Tony,Carter,34
84,Julia,Rivera,29
85,Dale,Hughes,26
86,Cassandra,Clark,31
87,Richard,Wood,30
88,Nina,Hall,35
89,Martin,King,27
90,Joyce,Wright,32
91,Eric,Walker,29
92,Beverly,Martinez,28
93,Mark,Allen,33
94,Laura,Carter,24
95,Simon,James,30
96,Robin,Young,28
97,Anthony,Brown,32
98,Patty,Hernandez,31
99,Chad,Morris,26
100,Laura,Brown,29
1,John,Doe,25
2,Jane,Smith,30
3,Michael,Brown,22
4,Emily,Jones,28
5,David,Garcia,35
6,Sarah,Martinez,26
7,James,Lopez,29
8,Laura,Gonzalez,31
9,Robert,Wilson,33
10,Amanda,Anderson,24
11,William,Thomas,27
12,Jessica,Taylor,32
13,Joseph,Moore,30
14,Angela,Jackson,29
15,Charles,Harris,34
16,Karen,Martin,28
17,Christopher,Thompson,25
18,Nancy,White,36
19,Matthew,Lee,21
20,Elizabeth,Walker,27
21,Daniel,Hall,30
22,Patricia,Allen,28
23,Mark,Young,33
24,Mary,Hernandez,29
25,Joshua,King,32
26,Susan,Wright,25
27,Andrew,Scott,28
28,Stephanie,Green,31
29,Joshua,Bailey,34
30,Megan,Rivera,26
31,Alexander,Carter,27
32,Linda,Mitchell,30
33,Matthew,Roberts,29
34,Kimberly,Turner,32
35,Samuel,Phillips,33
36,Michelle,Campbell,28
37,Kevin,Parker,30
38,Rachel,Evans,24
39,Anthony,Edwards,26
40,Ashley,Stewart,28
41,Brian,Richardson,35
42,Kim,Wood,29
43,Charles,Collins,31
44,Nicole,Reed,30
45,Jason,Bell,22
46,Laura,Morris,26
47,Eric,Cooper,29
48,Angela,Howard,30
49,Justin,Howard,34
50,Theresa,James,27
51,Patrick,Watson,32
52,Diane,James,35
53,Bobby,Price,24
54,Alice,Brooks,28
55,George,Wood,29
56,Sandra,James,31
57,Frank,Gray,34
58,Cynthia,Hughes,30
59,Mary,Richardson,27
60,Victor,Henry,22
61,Kimberly,Garcia,28
62,Randy,Mitchell,35
63,Lori,Martin,29
64,Sharon,Thompson,30
65,Rachel,Lopez,26
66,Timothy,Young,33
67,Julia,Lee,31
68,Dustin,Walker,30
69,Kathryn,Brown,24
70,Cole,Jackson,28
71,Christine,Hall,32
72,Nathan,Allen,29
73,Stacy,Moore,33
74,Henry,Harris,30
75,Amy,Scott,27
76,Kenneth,Green,35
77,Beth,Thompson,26
78,Ronald,Evans,29
79,Tina,Wright,31
80,Evelyn,Martin,30
81,Lawrence,Hernandez,28
82,Emma,White,24
83,Tony,Carter,34
84,Julia,Rivera,29
85,Dale,Hughes,26
86,Cassandra,Clark,31
87,Richard,Wood,30
88,Nina,Hall,35
89,Martin,King,27
90,Joyce,Wright,32
91,Eric,Walker,29
92,Beverly,Martinez,28
93,Mark,Allen,33
94,Laura,Carter,24
95,Simon,James,30
96,Robin,Young,28
97,Anthony,Brown,32
98,Patty,Hernandez,31
99,Chad,Morris,26
100,Laura,Brown,29
1,John,Doe,25
2,Jane,Smith,30
3,Michael,Brown,22
4,Emily,Jones,28
5,David,Garcia,35
6,Sarah,Martinez,26
7,James,Lopez,29
8,Laura,Gonzalez,31
9,Robert,Wilson,33
10,Amanda,Anderson,24
11,William,Thomas,27
12,Jessica,Taylor,32
13,Joseph,Moore,30
14,Angela,Jackson,29
15,Charles,Harris,34
16,Karen,Martin,28
17,Christopher,Thompson,25
18,Nancy,White,36
19,Matthew,Lee,21
20,Elizabeth,Walker,27
21,Daniel,Hall,30
22,Patricia,Allen,28
23,Mark,Young,33
24,Mary,Hernandez,29
25,Joshua,King,32
26,Susan,Wright,25
27,Andrew,Scott,28
28,Stephanie,Green,31
29,Joshua,Bailey,34
30,Megan,Rivera,26
31,Alexander,Carter,27
32,Linda,Mitchell,30
33,Matthew,Roberts,29
34,Kimberly,Turner,32
35,Samuel,Phillips,33
36,Michelle,Campbell,28
37,Kevin,Parker,30
38,Rachel,Evans,24
39,Anthony,Edwards,26
40,Ashley,Stewart,28
41,Brian,Richardson,35
42,Kim,Wood,29
43,Charles,Collins,31
44,Nicole,Reed,30
45,Jason,Bell,22
46,Laura,Morris,26
47,Eric,Cooper,29
48,Angela,Howard,30
49,Justin,Howard,34
50,Theresa,James,27
51,Patrick,Watson,32
52,Diane,James,35
53,Bobby,Price,24
54,Alice,Brooks,28
55,George,Wood,29
56,Sandra,James,31
57,Frank,Gray,34
58,Cynthia,Hughes,30
59,Mary,Richardson,27
60,Victor,Henry,22
61,Kimberly,Garcia,28
62,Randy,Mitchell,35
63,Lori,Martin,29
64,Sharon,Thompson,30
65,Rachel,Lopez,26
66,Timothy,Young,33
67,Julia,Lee,31
68,Dustin,Walker,30
69,Kathryn,Brown,24
70,Cole,Jackson,28
71,Christine,Hall,32
72,Nathan,Allen,29
73,Stacy,Moore,33
74,Henry,Harris,30
75,Amy,Scott,27
76,Kenneth,Green,35
77,Beth,Thompson,26
78,Ronald,Evans,29
79,Tina,Wright,31
80,Evelyn,Martin,30
81,Lawrence,Hernandez,28
82,Emma,White,24
83,Tony,Carter,34
84,Julia,Rivera,29
85,Dale,Hughes,26
86,Cassandra,Clark,31
87,Richard,Wood,30
88,Nina,Hall,35
89,Martin,King,27
90,Joyce,Wright,32
91,Eric,Walker,29
92,Beverly,Martinez,28
93,Mark,Allen,33
94,Laura,Carter,24
95,Simon,James,30
96,Robin,Young,28
97,Anthony,Brown,32
98,Patty,Hernandez,31
99,Chad,Morris,26
100,Laura,Brown,29
1,John,Doe,25
2,Jane,Smith,30
3,Michael,Brown,22
4,Emily,Jones,28
5,David,Garcia,35
6,Sarah,Martinez,26
7,James,Lopez,29
8,Laura,Gonzalez,31
9,Robert,Wilson,33
10,Amanda,Anderson,24
11,William,Thomas,27
12,Jessica,Taylor,32
13,Joseph,Moore,30
14,Angela,Jackson,29
15,Charles,Harris,34
16,Karen,Martin,28
17,Christopher,Thompson,25
18,Nancy,White,36
19,Matthew,Lee,21
20,Elizabeth,Walker,27
21,Daniel,Hall,30
22,Patricia,Allen,28
23,Mark,Young,33
24,Mary,Hernandez,29
25,Joshua,King,32
26,Susan,Wright,25
27,Andrew,Scott,28
28,Stephanie,Green,31
29,Joshua,Bailey,34
30,Megan,Rivera,26
31,Alexander,Carter,27
32,Linda,Mitchell,30
33,Matthew,Roberts,29
34,Kimberly,Turner,32
35,Samuel,Phillips,33
36,Michelle,Campbell,28
37,Kevin,Parker,30
38,Rachel,Evans,24
39,Anthony,Edwards,26
40,Ashley,Stewart,28
41,Brian,Richardson,35
42,Kim,Wood,29
43,Charles,Collins,31
44,Nicole,Reed,30
45,Jason,Bell,22
46,Laura,Morris,26
47,Eric,Cooper,29
48,Angela,Howard,30
49,Justin,Howard,34
50,Theresa,James,27
51,Patrick,Watson,32
52,Diane,James,35
53,Bobby,Price,24
54,Alice,Brooks,28
55,George,Wood,29
56,Sandra,James,31
57,Frank,Gray,34
58,Cynthia,Hughes,30
59,Mary,Richardson,27
60,Victor,Henry,22
61,Kimberly,Garcia,28
62,Randy,Mitchell,35
63,Lori,Martin,29
64,Sharon,Thompson,30
65,Rachel,Lopez,26
66,Timothy,Young,33
67,Julia,Lee,31
68,Dustin,Walker,30
69,Kathryn,Brown,24
70,Cole,Jackson,28
71,Christine,Hall,32
72,Nathan,Allen,29
73,Stacy,Moore,33
74,Henry,Harris,30
75,Amy,Scott,27
76,Kenneth,Green,35
77,Beth,Thompson,26
78,Ronald,Evans,29
79,Tina,Wright,31
80,Evelyn,Martin,30
81,Lawrence,Hernandez,28
82,Emma,White,24
83,Tony,Carter,34
84,Julia,Rivera,29
85,Dale,Hughes,26
86,Cassandra,Clark,31
87,Richard,Wood,30
88,Nina,Hall,35
89,Martin,King,27
90,Joyce,Wright,32
91,Eric,Walker,29
92,Beverly,Martinez,28
93,Mark,Allen,33
94,Laura,Carter,24
95,Simon,James,30
96,Robin,Young,28
97,Anthony,Brown,32
98,Patty,Hernandez,31
99,Chad,Morris,26
100,Laura,Brown,29
1,John,Doe,25
2,Jane,Smith,30
3,Michael,Brown,22
4,Emily,Jones,28
5,David,Garcia,35
6,Sarah,Martinez,26
7,James,Lopez,29
8,Laura,Gonzalez,31
9,Robert,Wilson,33
10,Amanda,Anderson,24
11,William,Thomas,27
12,Jessica,Taylor,32
13,Joseph,Moore,30
14,Angela,Jackson,29
15,Charles,Harris,34
16,Karen,Martin,28
17,Christopher,Thompson,25
18,Nancy,White,36
19,Matthew,Lee,21
20,Elizabeth,Walker,27
21,Daniel,Hall,30
22,Patricia,Allen,28
23,Mark,Young,33
24,Mary,Hernandez,29
25,Joshua,King,32
26,Susan,Wright,25
27,Andrew,Scott,28
28,Stephanie,Green,31
29,Joshua,Bailey,34
30,Megan,Rivera,26
31,Alexander,Carter,27
32,Linda,Mitchell,30
33,Matthew,Roberts,29
34,Kimberly,Turner,32
35,Samuel,Phillips,33
36,Michelle,Campbell,28
37,Kevin,Parker,30
38,Rachel,Evans,24
39,Anthony,Edwards,26
40,Ashley,Stewart,28
41,Brian,Richardson,35
42,Kim,Wood,29
43,Charles,Collins,31
44,Nicole,Reed,30
45,Jason,Bell,22
46,Laura,Morris,26
47,Eric,Cooper,29
48,Angela,Howard,30
49,Justin,Howard,34
50,Theresa,James,27
51,Patrick,Watson,32
52,Diane,James,35
53,Bobby,Price,24
54,Alice,Brooks,28
55,George,Wood,29
56,Sandra,James,31
57,Frank,Gray,34
58,Cynthia,Hughes,30
59,Mary,Richardson,27
60,Victor,Henry,22
61,Kimberly,Garcia,28
62,Randy,Mitchell,35
63,Lori,Martin,29
64,Sharon,Thompson,30
65,Rachel,Lopez,26
66,Timothy,Young,33
67,Julia,Lee,31
68,Dustin,Walker,30
69,Kathryn,Brown,24
70,Cole,Jackson,28
71,Christine,Hall,32
72,Nathan,Allen,29
73,Stacy,Moore,33
74,Henry,Harris,30
75,Amy,Scott,27
76,Kenneth,Green,35
77,Beth,Thompson,26
78,Ronald,Evans,29
79,Tina,Wright,31
80,Evelyn,Martin,30
81,Lawrence,Hernandez,28
82,Emma,White,24
83,Tony,Carter,34
84,Julia,Rivera,29
85,Dale,Hughes,26
86,Cassandra,Clark,31
87,Richard,Wood,30
88,Nina,Hall,35
89,Martin,King,27
90,Joyce,Wright,32
91,Eric,Walker,29
92,Beverly,Martinez,28
93,Mark,Allen,33
94,Laura,Carter,24
95,Simon,James,30
96,Robin,Young,28
97,Anthony,Brown,32
98,Patty,Hernandez,31
99,Chad,Morris,26
100,Laura,Brown,29
1,John,Doe,25
2,Jane,Smith,30
3,Michael,Brown,22
4,Emily,Jones,28
5,David,Garcia,35
6,Sarah,Martinez,26
7,James,Lopez,29
8,Laura,Gonzalez,31
9,Robert,Wilson,33
10,Amanda,Anderson,24
11,William,Thomas,27
12,Jessica,Taylor,32
13,Joseph,Moore,30
14,Angela,Jackson,29
15,Charles,Harris,34
16,Karen,Martin,28
17,Christopher,Thompson,25
18,Nancy,White,36
19,Matthew,Lee,21
20,Elizabeth,Walker,27
21,Daniel,Hall,30
22,Patricia,Allen,28
23,Mark,Young,33
24,Mary,Hernandez,29
25,Joshua,King,32
26,Susan,Wright,25
27,Andrew,Scott,28
28,Stephanie,Green,31
29,Joshua,Bailey,34
30,Megan,Rivera,26
31,Alexander,Carter,27
32,Linda,Mitchell,30
33,Matthew,Roberts,29
34,Kimberly,Turner,32
35,Samuel,Phillips,33
36,Michelle,Campbell,28
37,Kevin,Parker,30
38,Rachel,Evans,24
39,Anthony,Edwards,26
40,Ashley,Stewart,28
41,Brian,Richardson,35
42,Kim,Wood,29
43,Charles,Collins,31
44,Nicole,Reed,30
45,Jason,Bell,22
46,Laura,Morris,26
47,Eric,Cooper,29
48,Angela,Howard,30
49,Justin,Howard,34
50,Theresa,James,27
51,Patrick,Watson,32
52,Diane,James,35
53,Bobby,Price,24
54,Alice,Brooks,28
55,George,Wood,29
56,Sandra,James,31
57,Frank,Gray,34
58,Cynthia,Hughes,30
59,Mary,Richardson,27
60,Victor,Henry,22
61,Kimberly,Garcia,28
62,Randy,Mitchell,35
63,Lori,Martin,29
64,Sharon,Thompson,30
65,Rachel,Lopez,26
66,Timothy,Young,33
67,Julia,Lee,31
68,Dustin,Walker,30
69,Kathryn,Brown,24
70,Cole,Jackson,28
71,Christine,Hall,32
72,Nathan,Allen,29
73,Stacy,Moore,33
74,Henry,Harris,30
75,Amy,Scott,27
76,Kenneth,Green,35
77,Beth,Thompson,26
78,Ronald,Evans,29
79,Tina,Wright,31
80,Evelyn,Martin,30
81,Lawrence,Hernandez,28
82,Emma,White,24
83,Tony,Carter,34
84,Julia,Rivera,29
85,Dale,Hughes,26
86,Cassandra,Clark,31
87,Richard,Wood,30
88,Nina,Hall,35
89,Martin,King,27
90,Joyce,Wright,32
91,Eric,Walker,29
92,Beverly,Martinez,28
93,Mark,Allen,33
94,Laura,Carter,24
95,Simon,James,30
96,Robin,Young,28
97,Anthony,Brown,32
98,Patty,Hernandez,31
99,Chad,Morris,26
100,Laura,Brown,29